===== LEG 1: tracked hygiene (before) =====
LEG-PASS: 1-before: no tracked drift
===== LEG 2: identity + self-hash =====
HEAD=3af3d065b7d0c54f03d89b8c05d8b8acd4a53db4
GATE_SHA256(header)=3c433effb967052aa91aef2302268c05ab27b3d0f3e54c979504d6978611d340
GATE_SHA256(normalized-bytes)=3c433effb967052aa91aef2302268c05ab27b3d0f3e54c979504d6978611d340
LEG-PASS: 2: header hash equals executable bytes (normalized)
NOTE leg2: HEAD=3af3d065b7d0c54f03d89b8c05d8b8acd4a53db4 differs from frozen RED base (candidate run)
LEG-PASS: 2-ancestry: HEAD descends from frozen RED base
evidence dir: /tmp/reactivegas/ms2/e-kelgroups-substrate/t28-app-api/handoffs/evidence (override via G28_EVIDENCE_DIR)
===== LEG 2b: instruments pinned exact, fail closed =====
nix: [nix (Nix) 2.31.3+2] exit=0
ghc: [The Glorious Glasgow Haskell Compilation System, version 9.8.4] (batch exit=0)
cabal: [cabal-install version 3.16.1.0 ] (batch exit=0)
lake: [Lake version 5.0.0-src+v4.25.0 (Lean version 4.25.0)] (batch exit=0)
node: [v20.19.6] (batch exit=0)
spago: [1.0.3] (batch exit=0)
just: [just 1.43.1] (batch exit=0)
LEG-PASS: 2b: nix exact pin
LEG-PASS: 2b: ghc exact pin
LEG-PASS: 2b: cabal exact pin
LEG-PASS: 2b: lake+lean exact pin
LEG-PASS: 2b: node exact pin
LEG-PASS: 2b: spago exact pin
LEG-PASS: 2b: just exact pin
===== LEG 3: build (measured cold/warm) =====
tree state: WARM (dist-newstyle holds objects)
cabal build all -O0
Build profile: -w ghc-9.8.4 -O0
In order, the following will be built (use -v for more details):
 - kelgroups-0.1.0.0 (lib) (file lib/KelGroups/Store.hs changed)
 - kelgroups-0.1.0.0 (exe:kelgroups-server) (dependency rebuilt)
Preprocessing library for kelgroups-0.1.0.0...
Building library for kelgroups-0.1.0.0...
[10 of 11] Compiling KelGroups.Store  ( lib/KelGroups/Store.hs, dist-newstyle/build/x86_64-linux/ghc-9.8.4/kelgroups-0.1.0.0/noopt/build/KelGroups/Store.o, dist-newstyle/build/x86_64-linux/ghc-9.8.4/kelgroups-0.1.0.0/noopt/build/KelGroups/Store.dyn_o ) [Source file changed]
[11 of 11] Compiling KelGroups.Server ( lib/KelGroups/Server.hs, dist-newstyle/build/x86_64-linux/ghc-9.8.4/kelgroups-0.1.0.0/noopt/build/KelGroups/Server.o, dist-newstyle/build/x86_64-linux/ghc-9.8.4/kelgroups-0.1.0.0/noopt/build/KelGroups/Server.dyn_o ) [KelGroups.Store changed]
Preprocessing executable 'kelgroups-server' for kelgroups-0.1.0.0...
Building executable 'kelgroups-server' for kelgroups-0.1.0.0...
[1 of 1] Compiling Main             ( app/Main.hs, dist-newstyle/build/x86_64-linux/ghc-9.8.4/kelgroups-0.1.0.0/x/kelgroups-server/noopt/build/kelgroups-server/kelgroups-server-tmp/Main.o ) [KelGroups.Server changed]
[2 of 2] Linking dist-newstyle/build/x86_64-linux/ghc-9.8.4/kelgroups-0.1.0.0/x/kelgroups-server/noopt/build/kelgroups-server/kelgroups-server [Objects changed]
build exit=0 sha256=2c3d125bd0d38c088637f9b3898d620a09ba49c92fe7fd50e959a4ac329ea5f7
cabal build all -O0
Build profile: -w ghc-9.8.4 -O0
In order, the following will be built (use -v for more details):
 - kelgroups-0.1.0.0 (lib) (file lib/KelGroups/Store.hs changed)
 - kelgroups-0.1.0.0 (exe:kelgroups-server) (dependency rebuilt)
Preprocessing library for kelgroups-0.1.0.0...
Building library for kelgroups-0.1.0.0...
[10 of 11] Compiling KelGroups.Store  ( lib/KelGroups/Store.hs, dist-newstyle/build/x86_64-linux/ghc-9.8.4/kelgroups-0.1.0.0/noopt/build/KelGroups/Store.o, dist-newstyle/build/x86_64-linux/ghc-9.8.4/kelgroups-0.1.0.0/noopt/build/KelGroups/Store.dyn_o ) [Source file changed]
[11 of 11] Compiling KelGroups.Server ( lib/KelGroups/Server.hs, dist-newstyle/build/x86_64-linux/ghc-9.8.4/kelgroups-0.1.0.0/noopt/build/KelGroups/Server.o, dist-newstyle/build/x86_64-linux/ghc-9.8.4/kelgroups-0.1.0.0/noopt/build/KelGroups/Server.dyn_o ) [KelGroups.Store changed]
Preprocessing executable 'kelgroups-server' for kelgroups-0.1.0.0...
Building executable 'kelgroups-server' for kelgroups-0.1.0.0...
[1 of 1] Compiling Main             ( app/Main.hs, dist-newstyle/build/x86_64-linux/ghc-9.8.4/kelgroups-0.1.0.0/x/kelgroups-server/noopt/build/kelgroups-server/kelgroups-server-tmp/Main.o ) [KelGroups.Server changed]
[2 of 2] Linking dist-newstyle/build/x86_64-linux/ghc-9.8.4/kelgroups-0.1.0.0/x/kelgroups-server/noopt/build/kelgroups-server/kelgroups-server [Objects changed]
LEG-PASS: 3: just build exit 0
===== LEG 4: tests: inventory + registered + execution proof =====
test/E2ESpec.hs
test/FoldSpec.hs
test/Generators.hs
test/InvariantsSpec.hs
test/JwkSpec.hs
test/Main.hs
test/MultiClientSpec.hs
test/S28AppApiSpec.hs
test/S28DemoApp.hs
test/ServerSpec.hs
test/StoreInvariantsSpec.hs
test/StoreSpec.hs
test/StoreTestDSL.hs
test/TestHelpers.hs
test/TransitionInvariantsSpec.hs
test/ValidateSpec.hs
distinct S28-1 describes:
S28-1 atomic hook
S28-1 direct-only admission
S28-1 distinct types + signer + GroupView
S28-1 integrated app-api
S28-1 integrated app-api properties with six-group witnesses
S28-1 no client-decided authority
S28-1 rejecting step before append
S28-1 validate/fold agreement
group_count=8
LEG-PASS: 4a-INVENTORY: >=6 S28-1 groups (8; presence only)
row1 [S28-1 distinct types + signer + GroupView]: registered=3
row2 [S28-1 rejecting step before append]: registered=4
row3 [S28-1 atomic hook]: registered=3
row4 [S28-1 direct-only admission]: registered=9
row5 [S28-1 validate/fold agreement]: registered=3
row6 [S28-1 no client-decided authority]: registered=5
registered total=27 vs file examples=27 (same=27 split=0)
LEG-PASS: 4a-REGISTERED: 27 examples, all inside the six groups (no orphans)
Build profile: -w ghc-9.8.4 -O0
In order, the following will be built (use -v for more details):
 - kelgroups-0.1.0.0 (test:invariants) (file test/S28AppApiSpec.hs changed)
 - keri-hs-0.1.0.0 (test:unit-tests) (first run)
Preprocessing test suite 'invariants' for kelgroups-0.1.0.0...
Building test suite 'invariants' for kelgroups-0.1.0.0...
Preprocessing test suite 'unit-tests' for keri-hs-0.1.0.0...
Building test suite 'unit-tests' for keri-hs-0.1.0.0...
[ 4 of 16] Compiling JwkSpec          ( test/JwkSpec.hs, dist-newstyle/build/x86_64-linux/ghc-9.8.4/kelgroups-0.1.0.0/t/invariants/noopt/build/invariants/invariants-tmp/JwkSpec.o ) [KelGroups.Store changed]
[ 6 of 16] Compiling S28AppApiSpec    ( test/S28AppApiSpec.hs, dist-newstyle/build/x86_64-linux/ghc-9.8.4/kelgroups-0.1.0.0/t/invariants/noopt/build/invariants/invariants-tmp/S28AppApiSpec.o ) [Source file changed]
Running 1 test suites...
Test suite unit-tests: RUNNING...

Keri.Cesr
  CESR roundtrip
    roundtrips arbitrary 32-byte Ed25519 keys [✔]
      +++ OK, passed 100 tests.
    roundtrips arbitrary 32-byte digests [✔]
      +++ OK, passed 100 tests.
    roundtrips arbitrary 64-byte signatures [✔]
      +++ OK, passed 100 tests.
  mkPrimitive
    rejects wrong size [✔]
    accepts correct size [✔]
Keri.Cesr.Decode
  decode
    roundtrips Ed25519PubKey [✔]
    roundtrips Ed25519Sig [✔]
    roundtrips Blake2bDigest [✔]
    decodes keripy test vector [✔]
    rejects too-short input [✔]
    rejects unknown codes [✔]
  cesr-test-vectors
    decodes code D [✔]
    decodes code F [✔]
    decodes code 0B [✔]
Keri.Cesr.DerivationCode
  codeText
    Ed25519PubKey is D [✔]
    Blake2bDigest is F [✔]
    Ed25519Sig is 0B [✔]
  rawSize
    Ed25519PubKey is 32 bytes [✔]
    Blake2bDigest is 32 bytes [✔]
    Ed25519Sig is 64 bytes [✔]
  codeLength
    Ed25519PubKey is 1 char [✔]
    Blake2bDigest is 1 char [✔]
    Ed25519Sig is 2 chars [✔]
  totalLength
    Ed25519PubKey is 44 chars [✔]
    Blake2bDigest is 44 chars [✔]
    Ed25519Sig is 88 chars [✔]
  identifyCode
    identifies D as Ed25519PubKey [✔]
    identifies F as Blake2bDigest [✔]
    identifies 0B as Ed25519Sig [✔]
    rejects unknown codes [✔]
Keri.Cesr.Encode
  encode
    encodes a 32-byte key to 44 chars [✔]
    starts with code prefix D [✔]
    encodes a 64-byte sig to 88 chars [✔]
    starts with code prefix 0B [✔]
    encodes a digest with code F [✔]
    matches keripy test vector for Ed25519 [✔]
  cesr-test-vectors
    code D (Ed25519 transferable) [✔]
    code F (Blake2b-256 digest) [✔]
    code 0B (Ed25519 signature) [✔]
Keri.Crypto.Blake3
  hash
    produces 32 bytes [✔]
    is deterministic [✔]
    differs for different inputs [✔]
    hash size is 32 [✔]
Keri.Crypto.Digest
  saidPlaceholder
    is 44 characters [✔]
    is all # characters [✔]
  computeSaid
    returns 44-char CESR text [✔]
    starts with F (digest code) [✔]
    is deterministic [✔]
    differs for different inputs [✔]
Keri.Crypto.Ed25519
  generateKeyPair
    generates a key pair [✔]
    generates distinct key pairs [✔]
  sign and verify
    verifies a valid signature [✔]
    rejects wrong message [✔]
    rejects wrong key [✔]
  publicKeyFromBytes
    roundtrips [✔]
    rejects wrong size [✔]
Keri.Event.Inception
  mkInception
    creates an inception event [✔]
    sets prefix equal to digest [✔]
    sets sequence number to 0 [✔]
    SAID is not placeholder [✔]
    SAID starts with F (digest code) [✔]
    version has correct size [✔]
Keri.Event.Interaction
  mkInteraction
    creates an interaction event [✔]
    preserves prefix [✔]
    SAID starts with F [✔]
Keri.Event.Rotation
  mkRotation
    creates a rotation event [✔]
    preserves prefix [✔]
    SAID differs from prefix [✔]
    SAID starts with F [✔]
Keri.Event.Serialize
  serializeEvent
    produces valid JSON for inception [✔]
    has deterministic field order [✔]
    serializes interaction [✔]
    serializes receipt [✔]
Keri.Kel
  append
    appends inception to empty KEL [✔]
    rejects non-inception as first event [✔]
  replay
    replays single inception [✔]
    replays inception + interaction [✔]
    rejects empty KEL [✔]
Keri.KeyState
  initialState
    sets prefix from inception [✔]
    sets sequence number to 0 [✔]
  applyEvent
    rejects inception on existing state [✔]
    applies rotation with valid pre-rotation [✔]
    rejects wrong sequence number [✔]
    rejects wrong prefix [✔]
    receipt does not change state [✔]
    rotation with empty pre-rotation [✔]
  verifySignatures
    threshold zero is always met [✔]
Keri.KeyState.PreRotation
  commitKey
    produces a digest commitment [✔]
    is deterministic [✔]
  verifyCommitment
    verifies matching key and commitment [✔]
    rejects wrong key [✔]

Finished in 0.0370 seconds
91 examples, 0 failures
Test suite unit-tests: PASS
Test suite logged to:
/code/kelgroups-issue-28/dist-newstyle/build/x86_64-linux/ghc-9.8.4/keri-hs-0.1.0.0/t/unit-tests/noopt/test/keri-hs-0.1.0.0-unit-tests.log
1 of 1 test suites (1 of 1 test cases) passed.
[ 7 of 16] Compiling ServerSpec       ( test/ServerSpec.hs, dist-newstyle/build/x86_64-linux/ghc-9.8.4/kelgroups-0.1.0.0/t/invariants/noopt/build/invariants/invariants-tmp/ServerSpec.o ) [KelGroups.Server changed]
[ 8 of 16] Compiling StoreSpec        ( test/StoreSpec.hs, dist-newstyle/build/x86_64-linux/ghc-9.8.4/kelgroups-0.1.0.0/t/invariants/noopt/build/invariants/invariants-tmp/StoreSpec.o ) [KelGroups.Server changed]
[ 9 of 16] Compiling StoreTestDSL     ( test/StoreTestDSL.hs, dist-newstyle/build/x86_64-linux/ghc-9.8.4/kelgroups-0.1.0.0/t/invariants/noopt/build/invariants/invariants-tmp/StoreTestDSL.o ) [KelGroups.Server changed]
[10 of 16] Compiling StoreInvariantsSpec ( test/StoreInvariantsSpec.hs, dist-newstyle/build/x86_64-linux/ghc-9.8.4/kelgroups-0.1.0.0/t/invariants/noopt/build/invariants/invariants-tmp/StoreInvariantsSpec.o ) [KelGroups.Store changed]
[11 of 16] Compiling TestHelpers      ( test/TestHelpers.hs, dist-newstyle/build/x86_64-linux/ghc-9.8.4/kelgroups-0.1.0.0/t/invariants/noopt/build/invariants/invariants-tmp/TestHelpers.o ) [KelGroups.Server changed]
[17 of 17] Linking dist-newstyle/build/x86_64-linux/ghc-9.8.4/kelgroups-0.1.0.0/t/invariants/noopt/build/invariants/invariants [Objects changed]
Running 1 test suites...
Test suite invariants: RUNNING...

Invariant 1: bootstrap ↔ zero admins
  bootstrap mode implies zero admins [✔]
    +++ OK, passed 100 tests.
  normal mode implies positive admins [✔]
    +++ OK, passed 100 tests.
Invariant 2: empty state
  empty state is in bootstrap mode [✔]
Invariant 3: majority properties
  majority of 0 admins is 0 [✔]
  majority of 1 admin is 1 [✔]
  majority of 2 admins is 1 [✔]
  majority of 3 admins is 2 [✔]
  majority n ≤ n [✔]
    +++ OK, passed 100 tests.
  majority of positive admin count is positive [✔]
    +++ OK, passed 100 tests.
Invariant 4: remove all → bootstrap
  removing all members triggers bootstrap [✔]
Invariant 5: admin member → normal
  state with at least one admin is in normal mode [✔]
    +++ OK, passed 100 tests.
Tier 1: enact_introduce_admin_exits_bootstrap
  introducing admin makes adminCount > 0 [✔]
    +++ OK, passed 100 tests.
Tier 1: enact_introduce_admin_count
  introducing admin increases adminCount by 1 [✔]
    +++ OK, passed 100 tests.
Tier 1: enact_introduce_nonadmin_count
  introducing non-admin preserves adminCount [✔]
    +++ OK, passed 100 tests.
Tier 1: enact_preserves_pendingProposals
  enact only touches members [✔]
    +++ OK, passed 100 tests.
Tier 1: foldGroup_nil
  folding empty list yields emptyState [✔]
Tier 2: bootstrap_proposal_immediately_enacted
  bootstrap proposal has no pending after apply [✔]
    +++ OK, passed 100 tests.
Tier 2: single_admin_proposal_enacted
  single admin proposal is enacted immediately [✔]
    +++ OK, passed 100 tests.
Tier 3: enact_remove_preserves_normal
  adminCount >= 2 and remove keeps adminCount >= 1 [✔]
    +++ OK, passed 100 tests.
App/base separation
  app event preserves members [✔]
    +++ OK, passed 100 tests.
  app event preserves pendingProposals [✔]
    +++ OK, passed 100 tests.
Approve identity
  approve nonexistent is identity [✔]
    +++ OK, passed 100 tests.
Enact member count effects
  changeRoles preserves member count [✔]
    +++ OK, passed 100 tests.
  introduce increases member count [✔]
    +++ OK, passed 100 tests.
Bootstrap validation
  bootstrap accepts admin intro [✔]
    +++ OK, passed 100 tests.
  bootstrap rejects non-admin intro [✔]
    +++ OK, passed 100 tests.
  bootstrap rejects remove [✔]
    +++ OK, passed 100 tests.
  bootstrap rejects changeRoles [✔]
    +++ OK, passed 100 tests.
Normal mode: auth
  non-member proposal rejected [✔]
    +++ OK, passed 100 tests.
  non-admin proposal rejected [✔]
    +++ OK, passed 100 tests.
  non-member app event rejected [✔]
    +++ OK, passed 100 tests.
  member app event accepted [✔]
    +++ OK, passed 100 tests.
Normal mode: proposal constraints
  introduce existing rejected [✔]
    +++ OK, passed 100 tests.
  remove nonmember rejected [✔]
    +++ OK, passed 100 tests.
  valid admin proposal accepted [✔]
    +++ OK, passed 100 tests.
Normal mode: approval constraints
  approve missing rejected [✔]
    +++ OK, passed 100 tests.
  double approve rejected [✔]
    +++ OK, passed 100 tests.
  valid approval accepted [✔]
    +++ OK, passed 100 tests.
KelGroups.Jwk
  RFC 8037 appendix vectors
    imports the A.1 Ed25519 private key [✔]
    reproduces the A.4 signature [✔]
  round trip
    preserves generated key pairs [✔]
      +++ OK, passed 100 tests.
    signatures verify across export/import [✔]
      +++ OK, passed 100 tests.
  JSON shape
    emits exactly kty/crv/x/d [✔]
    never shows key material via Show [✔]
  malformed input rejection
    rejects wrong kty [✔]
    rejects unsupported curve [✔]
    rejects bad base64url characters [✔]
    rejects padded base64url [✔]
    rejects truncated d [✔]
    rejects short x [✔]
    rejects empty members [✔]
    rejects non-canonical padding bits [✔]
    rejects mismatched public/private key [✔]
  store integration
    imports into a fresh store and reloads [✔]
    refuses to replace an existing identity [✔]
KelGroups.Store (SQLite)
  empty KEL
    opening empty DB gives emptyState [✔]
  roundtrip
    signers match after append+read [✔]
      +++ OK, passed 100 tests.
  fold consistency
    incremental TVar matches reopened replay [✔]
      +++ OK, passed 100 tests.
  readEventsFrom
    returns tail from index N [✔]
    returns empty for index beyond length [✔]
  kelLength
    length matches number of appends + 1 [✔]
      +++ OK, passed 100 tests.
Store-through invariants (Lean mirrors)
  bootstrap_iff_zero_admins [✔]
    +++ OK, passed 100 tests.
  normal_iff_positive_admins [✔]
    +++ OK, passed 100 tests.
  empty_is_bootstrap [✔]
  majority_le [✔]
    +++ OK, passed 100 tests.
  majority_pos [✔]
    +++ OK, passed 100 tests.
  admin_member_means_normal [✔]
    +++ OK, passed 100 tests.
  enact_introduce_admin_exits_bootstrap [✔]
    +++ OK, passed 100 tests.
  enact_introduce_admin_count [✔]
    +++ OK, passed 100 tests.
  enact_introduce_nonadmin_count [✔]
    +++ OK, passed 100 tests.
  enact_preserves_pendingProposals [✔]
    +++ OK, passed 100 tests.
  enact_remove_preserves_normal [✔]
    +++ OK, passed 100 tests.
  bootstrap_proposal_immediately_enacted [✔]
    +++ OK, passed 100 tests.
  single_admin_proposal_enacted [✔]
    +++ OK, passed 100 tests.
KelGroups.Server (HTTP)
  GET /condition
    empty KEL: non-member gets 403 [✔]
    empty KEL: missing key gets 401 [✔]
  POST /events
    bootstrap with correct passphrase succeeds [✔]
    wrong passphrase returns 401 [✔]
    missing passphrase in bootstrap returns 401 [✔]
  GET /events
    after submit returns event [✔]
    non-member gets 403 [✔]
  POST + GET roundtrip
    submitted event matches retrieved [✔]
  GET /condition reflects changes
    after bootstrap, mode is normal [✔]
  validation errors
    invalid event in normal mode returns 422 [✔]
  unknown route
    returns 404 [✔]
  GET /info
    returns public admin emails [✔]
  SSE /stream
    receives notification after POST [✔]
E2E scenarios
  Group bootstrap and single-admin lifecycle
    bootstrap → add member → verify state [✔]
  Multi-admin approval flow
thread blocked indefinitely in an STM transaction
    3 admins, proposal requires 2 approvals [✔]
    duplicate approval is rejected [✔]
  Member removal
    admin removes a member via proposal [✔]
    removing last admin returns to bootstrap [✔]
  Role changes
    promote member to admin [✔]
    demote admin to regular member [✔]
  KEL replay via GET /events
    reads back all events in order [✔]
  Authorization edge cases
    non-member cannot propose [✔]
    non-admin member cannot propose [✔]
    bootstrap rejects missing passphrase [✔]
    duplicate member introduction is rejected [✔]
  Re-bootstrap after total admin removal
    new admin can bootstrap after wipe [✔]
  SSE receives all events in sequence
    2 POSTs yield 2 SSE notifications [✔]
Multi-client scenarios
  Two clients: admin bootstraps, outsider joins
    Bob sees empty group, Alice bootstraps, Bob joins [✔]
  Three clients: multi-admin majority approval
    3 admins require 2 approvals for Dave [✔]
  Three clients: full lifecycle
    introduce, remove, wipe, re-bootstrap [✔]
S28-1 distinct types + signer + GroupView
  member add authorizes through the sole view [✔]
  nonmember app refused before any fold [✔]
  nonadmin reset never advances the counter [✔]
    +++ OK, passed 100 tests.
S28-1 rejecting step before append
  accepted events persist with readable rows [✔]
  two appends conserve state, rows, length and replay [✔]
  domain-invalid add never appends a byte [✔]
  nonmember append persists nothing byte-identical [✔]
S28-1 atomic hook
  succeeding hook commits with admitted evidence [✔]
  hook refusal rejects the whole transition [✔]
  failing hook restores prestate plus prelog [✔]
S28-1 direct-only admission
  direct admit by admin inserts the member [✔]
  reserved key refused apart from members [✔]
  voted mutations never insert members [✔]
    +++ OK, passed 100 tests.
  voted change-roles never inserts absent members [✔]
  voted change-roles keeps present member keys [✔]
  voted remove never inserts absent members [✔]
  nonempty pendingBase roundtrips through JSON [✔]
  old rows decode with empty pendingBase [✔]
  malformed pendingBase fails decode [✔]
S28-1 validate/fold agreement
thread blocked indefinitely in an STM transaction
  prefix folds match steps over mixed traces [✔]
    +++ OK, passed 100 tests.
  founding folds match steps over mixed traces [✔]
    +++ OK, passed 100 tests.
  accepted traces apply cleanly end to end [✔]
S28-1 no client-decided authority
  verdicts flow only through the boundary [✔]
  replayed log reproduces live state exactly [✔]
  unknown approval refused over pendingBase [✔]
  voted validation covers both arms exactly [✔]
  pending entries survive close and reopen [✔]

Finished in 21.2185 seconds
131 examples, 0 failures
Test suite invariants: PASS
Test suite logged to:
/code/kelgroups-issue-28/./dist-newstyle/build/x86_64-linux/ghc-9.8.4/kelgroups-0.1.0.0/t/invariants/noopt/test/kelgroups-0.1.0.0-invariants.log
1 of 1 test suites (1 of 1 test cases) passed.
test exit=0 sha256=4e5ec506371b891865da65bc240e0604e617db5ed44392c0244afff743be8fad
91 examples, 0 failures
131 examples, 0 failures
executed: [S28-1 distinct types + signer + GroupView] member add authorizes through the sole view
executed: [S28-1 distinct types + signer + GroupView] nonmember app refused before any fold
executed: [S28-1 distinct types + signer + GroupView] nonadmin reset never advances the counter
executed: [S28-1 rejecting step before append] accepted events persist with readable rows
executed: [S28-1 rejecting step before append] two appends conserve state, rows, length and replay
executed: [S28-1 rejecting step before append] domain-invalid add never appends a byte
executed: [S28-1 rejecting step before append] nonmember append persists nothing byte-identical
executed: [S28-1 atomic hook] succeeding hook commits with admitted evidence
executed: [S28-1 atomic hook] hook refusal rejects the whole transition
executed: [S28-1 atomic hook] failing hook restores prestate plus prelog
executed: [S28-1 direct-only admission] direct admit by admin inserts the member
executed: [S28-1 direct-only admission] reserved key refused apart from members
executed: [S28-1 direct-only admission] voted mutations never insert members
executed: [S28-1 direct-only admission] voted change-roles never inserts absent members
executed: [S28-1 direct-only admission] voted change-roles keeps present member keys
executed: [S28-1 direct-only admission] voted remove never inserts absent members
executed: [S28-1 direct-only admission] nonempty pendingBase roundtrips through JSON
executed: [S28-1 direct-only admission] old rows decode with empty pendingBase
executed: [S28-1 direct-only admission] malformed pendingBase fails decode
executed: [S28-1 validate/fold agreement] prefix folds match steps over mixed traces
executed: [S28-1 validate/fold agreement] founding folds match steps over mixed traces
executed: [S28-1 validate/fold agreement] accepted traces apply cleanly end to end
executed: [S28-1 no client-decided authority] verdicts flow only through the boundary
executed: [S28-1 no client-decided authority] replayed log reproduces live state exactly
executed: [S28-1 no client-decided authority] unknown approval refused over pendingBase
executed: [S28-1 no client-decided authority] voted validation covers both arms exactly
executed: [S28-1 no client-decided authority] pending entries survive close and reopen
LEG-PASS: 4b-EXECUTION: all registered examples executed, none pending
LEG-PASS: 4b-EXIT: cabal test exit 0
===== LEG 5: mutants M1-M7 (refuse-closed entry; hash-verified restore; example-quoted kills) =====
entry hashes: Event=7fef155471cccbb707b653d085198631b05bd174 Fold=d76219e5ec94fb7080145153c88a307dab8f7252 Types=f96aa603e143888516aca4c7e659417a2046c594 Store=08c5b13b73f4cd8faae55e317d1a9162377b11cb Demo=49dd76aa1473084ee72eff1a683954beab29722d
--- M1 boundary separation (expect BUILD red: unification at applyIntegratedEvent) ---
M1 diff sha256=6237105b8f71877fc8af52a9dc50af99458aa3bd88746666e071e5fb31429b38
warning: Git tree '/code/kelgroups-issue-28' is dirty
Resolving dependencies...
Build profile: -w ghc-9.8.4 -O0
In order, the following will be built (use -v for more details):
 - keri-hs-0.1.0.0 (lib) (configuration changed)
 - keri-hs-0.1.0.0 (test:unit-tests) (configuration changed)
 - keri-hs-0.1.0.0 (exe:keri-demo) (configuration changed)
 - keri-hs-0.1.0.0 (exe:keri-cli) (configuration changed)
 - kelgroups-0.1.0.0 (lib) (configuration changed)
 - kelgroups-0.1.0.0 (exe:kelgroups-server) (configuration changed)
 - kelgroups-0.1.0.0 (test:invariants) (configuration changed)
Configuring library for keri-hs-0.1.0.0...
Preprocessing library for keri-hs-0.1.0.0...
Building library for keri-hs-0.1.0.0...
Configuring test suite 'unit-tests' for keri-hs-0.1.0.0...
Configuring library for kelgroups-0.1.0.0...
Configuring executable 'keri-demo' for keri-hs-0.1.0.0...
Configuring executable 'keri-cli' for keri-hs-0.1.0.0...
Preprocessing test suite 'unit-tests' for keri-hs-0.1.0.0...
Building test suite 'unit-tests' for keri-hs-0.1.0.0...
Preprocessing executable 'keri-cli' for keri-hs-0.1.0.0...
Building executable 'keri-cli' for keri-hs-0.1.0.0...
Preprocessing executable 'keri-demo' for keri-hs-0.1.0.0...
Building executable 'keri-demo' for keri-hs-0.1.0.0...
Preprocessing library for kelgroups-0.1.0.0...
Building library for kelgroups-0.1.0.0...
Configuring executable 'kelgroups-server' for kelgroups-0.1.0.0...
Configuring test suite 'invariants' for kelgroups-0.1.0.0...
Preprocessing executable 'kelgroups-server' for kelgroups-0.1.0.0...
Building executable 'kelgroups-server' for kelgroups-0.1.0.0...
Preprocessing test suite 'invariants' for kelgroups-0.1.0.0...
Building test suite 'invariants' for kelgroups-0.1.0.0...
[ 5 of 16] Compiling S28DemoApp       ( test/S28DemoApp.hs, dist-newstyle/build/x86_64-linux/ghc-9.8.4/kelgroups-0.1.0.0/t/invariants/noopt/build/invariants/invariants-tmp/S28DemoApp.o ) [Source file changed]

test/S28DemoApp.hs:190:120: error: [GHC-83865]
    • Couldn't match type ‘DemoState’ with ‘DemoProposal’
      Expected: IntegratedEvent DemoProposal DemoEvent
        Actual: IntegratedEvent DemoState DemoState
    • In the fourth argument of ‘applyIntegratedEvent’, namely ‘event’
      In the expression:
        applyIntegratedEvent
          integration (emptyState (DemoState 0 [])) signer event
      In an equation for ‘_m1_boundarySeparates’:
          _m1_boundarySeparates integration event signer
            = applyIntegratedEvent
                integration (emptyState (DemoState 0 [])) signer event
    |
190 | _m1_boundarySeparates integration event signer = applyIntegratedEvent integration (emptyState (DemoState 0 [])) signer event
    |                                                                                                                        ^^^^^
Error: [Cabal-7125]
Failed to build test:invariants from kelgroups-0.1.0.0.

M1 build exit=1 sha256=22e5e50f3b4d445469ef0dd6eec3b096023d61a62513318afe394fa5ae0a629a
LEG-PASS: 5-M1: build RED, unification failure at boundary use
restored byte-exact: test/S28DemoApp.hs (M1)
--- M2 bypass gate + orphaned import (expect TEST red quoting a rejecting-step example) ---
M2 diff sha256=92c85d18b84e54076f1ab0869998988d3664e75937f8e2966e0954ca5b4cf197
warning: Git tree '/code/kelgroups-issue-28' is dirty
Resolving dependencies...
Build profile: -w ghc-9.8.4 -O0
In order, the following will be built (use -v for more details):
 - keri-hs-0.1.0.0 (lib) (configuration changed)
 - keri-hs-0.1.0.0 (test:unit-tests) (configuration changed)
 - kelgroups-0.1.0.0 (lib) (configuration changed)
 - kelgroups-0.1.0.0 (test:invariants) (configuration changed)
Configuring library for keri-hs-0.1.0.0...
Preprocessing library for keri-hs-0.1.0.0...
Building library for keri-hs-0.1.0.0...
Configuring test suite 'unit-tests' for keri-hs-0.1.0.0...
Configuring library for kelgroups-0.1.0.0...
Preprocessing test suite 'unit-tests' for keri-hs-0.1.0.0...
Building test suite 'unit-tests' for keri-hs-0.1.0.0...
Preprocessing library for kelgroups-0.1.0.0...
Building library for kelgroups-0.1.0.0...
[ 8 of 11] Compiling KelGroups.Fold   ( lib/KelGroups/Fold.hs, dist-newstyle/build/x86_64-linux/ghc-9.8.4/kelgroups-0.1.0.0/noopt/build/KelGroups/Fold.o, dist-newstyle/build/x86_64-linux/ghc-9.8.4/kelgroups-0.1.0.0/noopt/build/KelGroups/Fold.dyn_o ) [Source file changed]
Running 1 test suites...
Test suite unit-tests: RUNNING...

Keri.Cesr
  CESR roundtrip
    roundtrips arbitrary 32-byte Ed25519 keys [✔]
      +++ OK, passed 100 tests.
    roundtrips arbitrary 32-byte digests [✔]
      +++ OK, passed 100 tests.
    roundtrips arbitrary 64-byte signatures [✔]
      +++ OK, passed 100 tests.
  mkPrimitive
    rejects wrong size [✔]
    accepts correct size [✔]
Keri.Cesr.Decode
  decode
    roundtrips Ed25519PubKey [✔]
    roundtrips Ed25519Sig [✔]
    roundtrips Blake2bDigest [✔]
    decodes keripy test vector [✔]
    rejects too-short input [✔]
    rejects unknown codes [✔]
  cesr-test-vectors
    decodes code D [✔]
    decodes code F [✔]
    decodes code 0B [✔]
Keri.Cesr.DerivationCode
  codeText
    Ed25519PubKey is D [✔]
    Blake2bDigest is F [✔]
    Ed25519Sig is 0B [✔]
  rawSize
    Ed25519PubKey is 32 bytes [✔]
    Blake2bDigest is 32 bytes [✔]
    Ed25519Sig is 64 bytes [✔]
  codeLength
    Ed25519PubKey is 1 char [✔]
    Blake2bDigest is 1 char [✔]
    Ed25519Sig is 2 chars [✔]
  totalLength
    Ed25519PubKey is 44 chars [✔]
    Blake2bDigest is 44 chars [✔]
    Ed25519Sig is 88 chars [✔]
  identifyCode
    identifies D as Ed25519PubKey [✔]
    identifies F as Blake2bDigest [✔]
    identifies 0B as Ed25519Sig [✔]
    rejects unknown codes [✔]
Keri.Cesr.Encode
  encode
    encodes a 32-byte key to 44 chars [✔]
    starts with code prefix D [✔]
    encodes a 64-byte sig to 88 chars [✔]
    starts with code prefix 0B [✔]
    encodes a digest with code F [✔]
    matches keripy test vector for Ed25519 [✔]
  cesr-test-vectors
    code D (Ed25519 transferable) [✔]
    code F (Blake2b-256 digest) [✔]
    code 0B (Ed25519 signature) [✔]
Keri.Crypto.Blake3
  hash
    produces 32 bytes [✔]
    is deterministic [✔]
    differs for different inputs [✔]
    hash size is 32 [✔]
Keri.Crypto.Digest
  saidPlaceholder
    is 44 characters [✔]
    is all # characters [✔]
  computeSaid
    returns 44-char CESR text [✔]
    starts with F (digest code) [✔]
    is deterministic [✔]
    differs for different inputs [✔]
Keri.Crypto.Ed25519
  generateKeyPair
    generates a key pair [✔]
    generates distinct key pairs [✔]
  sign and verify
    verifies a valid signature [✔]
    rejects wrong message [✔]
    rejects wrong key [✔]
  publicKeyFromBytes
    roundtrips [✔]
    rejects wrong size [✔]
Keri.Event.Inception
  mkInception
    creates an inception event [✔]
    sets prefix equal to digest [✔]
    sets sequence number to 0 [✔]
    SAID is not placeholder [✔]
    SAID starts with F (digest code) [✔]
    version has correct size [✔]
Keri.Event.Interaction
  mkInteraction
    creates an interaction event [✔]
    preserves prefix [✔]
    SAID starts with F [✔]
Keri.Event.Rotation
  mkRotation
    creates a rotation event [✔]
    preserves prefix [✔]
    SAID differs from prefix [✔]
    SAID starts with F [✔]
Keri.Event.Serialize
  serializeEvent
    produces valid JSON for inception [✔]
    has deterministic field order [✔]
    serializes interaction [✔]
    serializes receipt [✔]
Keri.Kel
  append
    appends inception to empty KEL [✔]
    rejects non-inception as first event [✔]
  replay
    replays single inception [✔]
    replays inception + interaction [✔]
    rejects empty KEL [✔]
Keri.KeyState
  initialState
    sets prefix from inception [✔]
    sets sequence number to 0 [✔]
  applyEvent
    rejects inception on existing state [✔]
    applies rotation with valid pre-rotation [✔]
    rejects wrong sequence number [✔]
    rejects wrong prefix [✔]
    receipt does not change state [✔]
    rotation with empty pre-rotation [✔]
  verifySignatures
    threshold zero is always met [✔]
Keri.KeyState.PreRotation
  commitKey
    produces a digest commitment [✔]
    is deterministic [✔]
  verifyCommitment
    verifies matching key and commitment [✔]
    rejects wrong key [✔]

Finished in 0.0402 seconds
91 examples, 0 failures
Test suite unit-tests: PASS
Test suite logged to:
/code/kelgroups-issue-28/dist-newstyle/build/x86_64-linux/ghc-9.8.4/keri-hs-0.1.0.0/t/unit-tests/noopt/test/keri-hs-0.1.0.0-unit-tests.log
1 of 1 test suites (1 of 1 test cases) passed.
Configuring test suite 'invariants' for kelgroups-0.1.0.0...
Preprocessing test suite 'invariants' for kelgroups-0.1.0.0...
Building test suite 'invariants' for kelgroups-0.1.0.0...
[17 of 17] Linking dist-newstyle/build/x86_64-linux/ghc-9.8.4/kelgroups-0.1.0.0/t/invariants/noopt/build/invariants/invariants [Library changed]
Running 1 test suites...
Test suite invariants: RUNNING...

Invariant 1: bootstrap ↔ zero admins
  bootstrap mode implies zero admins [✔]
    +++ OK, passed 100 tests.
  normal mode implies positive admins [✔]
    +++ OK, passed 100 tests.
Invariant 2: empty state
  empty state is in bootstrap mode [✔]
Invariant 3: majority properties
  majority of 0 admins is 0 [✔]
  majority of 1 admin is 1 [✔]
  majority of 2 admins is 1 [✔]
  majority of 3 admins is 2 [✔]
  majority n ≤ n [✔]
    +++ OK, passed 100 tests.
  majority of positive admin count is positive [✔]
    +++ OK, passed 100 tests.
Invariant 4: remove all → bootstrap
  removing all members triggers bootstrap [✔]
Invariant 5: admin member → normal
  state with at least one admin is in normal mode [✔]
    +++ OK, passed 100 tests.
Tier 1: enact_introduce_admin_exits_bootstrap
  introducing admin makes adminCount > 0 [✔]
    +++ OK, passed 100 tests.
Tier 1: enact_introduce_admin_count
  introducing admin increases adminCount by 1 [✔]
    +++ OK, passed 100 tests.
Tier 1: enact_introduce_nonadmin_count
  introducing non-admin preserves adminCount [✔]
    +++ OK, passed 100 tests.
Tier 1: enact_preserves_pendingProposals
  enact only touches members [✔]
    +++ OK, passed 100 tests.
Tier 1: foldGroup_nil
  folding empty list yields emptyState [✔]
Tier 2: bootstrap_proposal_immediately_enacted
  bootstrap proposal has no pending after apply [✔]
    +++ OK, passed 100 tests.
Tier 2: single_admin_proposal_enacted
  single admin proposal is enacted immediately [✔]
    +++ OK, passed 100 tests.
Tier 3: enact_remove_preserves_normal
  adminCount >= 2 and remove keeps adminCount >= 1 [✔]
    +++ OK, passed 100 tests.
App/base separation
  app event preserves members [✔]
    +++ OK, passed 100 tests.
  app event preserves pendingProposals [✔]
    +++ OK, passed 100 tests.
Approve identity
  approve nonexistent is identity [✔]
    +++ OK, passed 100 tests.
Enact member count effects
  changeRoles preserves member count [✔]
    +++ OK, passed 100 tests.
  introduce increases member count [✔]
    +++ OK, passed 100 tests.
Bootstrap validation
  bootstrap accepts admin intro [✔]
    +++ OK, passed 100 tests.
  bootstrap rejects non-admin intro [✔]
    +++ OK, passed 100 tests.
  bootstrap rejects remove [✔]
    +++ OK, passed 100 tests.
  bootstrap rejects changeRoles [✔]
    +++ OK, passed 100 tests.
Normal mode: auth
  non-member proposal rejected [✔]
    +++ OK, passed 100 tests.
  non-admin proposal rejected [✔]
    +++ OK, passed 100 tests.
  non-member app event rejected [✔]
    +++ OK, passed 100 tests.
  member app event accepted [✔]
    +++ OK, passed 100 tests.
Normal mode: proposal constraints
  introduce existing rejected [✔]
    +++ OK, passed 100 tests.
  remove nonmember rejected [✔]
    +++ OK, passed 100 tests.
  valid admin proposal accepted [✔]
    +++ OK, passed 100 tests.
Normal mode: approval constraints
  approve missing rejected [✔]
    +++ OK, passed 100 tests.
  double approve rejected [✔]
    +++ OK, passed 100 tests.
  valid approval accepted [✔]
    +++ OK, passed 100 tests.
KelGroups.Jwk
  RFC 8037 appendix vectors
    imports the A.1 Ed25519 private key [✔]
    reproduces the A.4 signature [✔]
  round trip
    preserves generated key pairs [✔]
      +++ OK, passed 100 tests.
    signatures verify across export/import [✔]
      +++ OK, passed 100 tests.
  JSON shape
    emits exactly kty/crv/x/d [✔]
    never shows key material via Show [✔]
  malformed input rejection
    rejects wrong kty [✔]
    rejects unsupported curve [✔]
    rejects bad base64url characters [✔]
    rejects padded base64url [✔]
    rejects truncated d [✔]
    rejects short x [✔]
    rejects empty members [✔]
    rejects non-canonical padding bits [✔]
    rejects mismatched public/private key [✔]
  store integration
    imports into a fresh store and reloads [✔]
    refuses to replace an existing identity [✔]
KelGroups.Store (SQLite)
  empty KEL
    opening empty DB gives emptyState [✔]
  roundtrip
    signers match after append+read [✔]
      +++ OK, passed 100 tests.
  fold consistency
    incremental TVar matches reopened replay [✔]
      +++ OK, passed 100 tests.
  readEventsFrom
    returns tail from index N [✔]
    returns empty for index beyond length [✔]
  kelLength
    length matches number of appends + 1 [✔]
      +++ OK, passed 100 tests.
Store-through invariants (Lean mirrors)
  bootstrap_iff_zero_admins [✔]
    +++ OK, passed 100 tests.
  normal_iff_positive_admins [✔]
    +++ OK, passed 100 tests.
  empty_is_bootstrap [✔]
  majority_le [✔]
    +++ OK, passed 100 tests.
  majority_pos [✔]
    +++ OK, passed 100 tests.
  admin_member_means_normal [✔]
    +++ OK, passed 100 tests.
  enact_introduce_admin_exits_bootstrap [✔]
    +++ OK, passed 100 tests.
  enact_introduce_admin_count [✔]
    +++ OK, passed 100 tests.
  enact_introduce_nonadmin_count [✔]
    +++ OK, passed 100 tests.
  enact_preserves_pendingProposals [✔]
    +++ OK, passed 100 tests.
  enact_remove_preserves_normal [✔]
    +++ OK, passed 100 tests.
  bootstrap_proposal_immediately_enacted [✔]
    +++ OK, passed 100 tests.
  single_admin_proposal_enacted [✔]
    +++ OK, passed 100 tests.
KelGroups.Server (HTTP)
  GET /condition
    empty KEL: non-member gets 403 [✔]
    empty KEL: missing key gets 401 [✔]
  POST /events
    bootstrap with correct passphrase succeeds [✔]
    wrong passphrase returns 401 [✔]
    missing passphrase in bootstrap returns 401 [✔]
  GET /events
    after submit returns event [✔]
    non-member gets 403 [✔]
  POST + GET roundtrip
    submitted event matches retrieved [✔]
  GET /condition reflects changes
    after bootstrap, mode is normal [✔]
  validation errors
    invalid event in normal mode returns 422 [✔]
  unknown route
    returns 404 [✔]
  GET /info
    returns public admin emails [✔]
  SSE /stream
    receives notification after POST [✔]
E2E scenarios
  Group bootstrap and single-admin lifecycle
    bootstrap → add member → verify state [✔]
  Multi-admin approval flow
    3 admins, proposal requires 2 approvals [✔]
    duplicate approval is rejected [✔]
  Member removal
    admin removes a member via proposal [✔]
    removing last admin returns to bootstrap [✔]
  Role changes
    promote member to admin [✔]
    demote admin to regular member [✔]
  KEL replay via GET /events
    reads back all events in order [✔]
  Authorization edge cases
    non-member cannot propose [✔]
thread blocked indefinitely in an STM transaction
    non-admin member cannot propose [✔]
    bootstrap rejects missing passphrase [✔]
    duplicate member introduction is rejected [✔]
  Re-bootstrap after total admin removal
    new admin can bootstrap after wipe [✔]
  SSE receives all events in sequence
    2 POSTs yield 2 SSE notifications [✔]
Multi-client scenarios
  Two clients: admin bootstraps, outsider joins
    Bob sees empty group, Alice bootstraps, Bob joins [✔]
  Three clients: multi-admin majority approval
    3 admins require 2 approvals for Dave [✔]
  Three clients: full lifecycle
    introduce, remove, wipe, re-bootstrap [✔]
S28-1 distinct types + signer + GroupView
  member add authorizes through the sole view [✔]
  nonmember app refused before any fold [✘]
  nonadmin reset never advances the counter [✔]
    +++ OK, passed 100 tests.
S28-1 rejecting step before append
  accepted events persist with readable rows [✔]
  two appends conserve state, rows, length and replay [✔]
  domain-invalid add never appends a byte [✔]
  nonmember append persists nothing byte-identical [✘]
S28-1 atomic hook
  succeeding hook commits with admitted evidence [✔]
  hook refusal rejects the whole transition [✔]
  failing hook restores prestate plus prelog [✔]
S28-1 direct-only admission
  direct admit by admin inserts the member [✔]
  reserved key refused apart from members [✔]
  voted mutations never insert members [✔]
    +++ OK, passed 100 tests.
  voted change-roles never inserts absent members [✔]
  voted change-roles keeps present member keys [✔]
  voted remove never inserts absent members [✔]
  nonempty pendingBase roundtrips through JSON [✔]
  old rows decode with empty pendingBase [✔]
  malformed pendingBase fails decode [✔]
S28-1 validate/fold agreement
thread blocked indefinitely in an STM transaction
  prefix folds match steps over mixed traces [✔]
    +++ OK, passed 100 tests.
  founding folds match steps over mixed traces [✔]
    +++ OK, passed 100 tests.
  accepted traces apply cleanly end to end [✔]
S28-1 no client-decided authority
  verdicts flow only through the boundary [✔]
  replayed log reproduces live state exactly [✔]
  unknown approval refused over pendingBase [✔]
  voted validation covers both arms exactly [✔]
  pending entries survive close and reopen [✔]

Failures:

  test/S28AppApiSpec.hs:178:26: 
  1) S28-1 distinct types + signer + GroupView nonmember app refused before any fold
       expected NotAMember: Right (IntegratedResult {irState = GroupState {members = fromList [("admin-key-1",Member {memberKey = "admin-key-1", memberEmail = "admin-key-1@test.example", memberRoles = fromList [AdminRole PublicAdmin]})], pendingProposals = fromList [], pendingBase = fromList [], appFold = DemoState {demoCounter = 1, demoLog = ["add 1"]}}, irChange = Nothing})

  To rerun use: --match "/S28-1 distinct types + signer + GroupView/nonmember app refused before any fold/" --seed 760782159

  test/S28AppApiSpec.hs:282:30: 
  2) S28-1 rejecting step before append nonmember append persists nothing byte-identical
       expected NotAMember: Right (IntegratedResult {irState = GroupState {members = fromList [("admin-key-1",Member {memberKey = "admin-key-1", memberEmail = "admin-key-1@test.example", memberRoles = fromList [AdminRole PublicAdmin]})], pendingProposals = fromList [], pendingBase = fromList [], appFold = DemoState {demoCounter = 1, demoLog = ["add 1"]}}, irChange = Nothing})

  To rerun use: --match "/S28-1 rejecting step before append/nonmember append persists nothing byte-identical/" --seed 760782159

Randomized with seed 760782159

Finished in 22.1282 seconds
131 examples, 2 failures
Test suite invariants: FAIL
Test suite logged to:
/code/kelgroups-issue-28/./dist-newstyle/build/x86_64-linux/ghc-9.8.4/kelgroups-0.1.0.0/t/invariants/noopt/test/kelgroups-0.1.0.0-invariants.log
0 of 1 test suites (0 of 1 test cases) passed.
Error: [Cabal-7125]
Tests failed for test:invariants from kelgroups-0.1.0.0.

M2 test exit=1 sha256=c78e453e37654d7b97449c15e9bdd990272d2bbc3707263e4ebbffe84a659874
KILL-QUOTE(M2): failing example: nonmember append persists nothing byte-identical
  test/S28AppApiSpec.hs:282:30: 
  2) S28-1 rejecting step before append nonmember append persists nothing byte-identical
       expected NotAMember: Right (IntegratedResult {irState = GroupState {members = fromList [("admin-key-1",Member {memberKey = "admin-key-1", memberEmail = "admin-key-1@test.example", memberRoles = fromList [AdminRole PublicAdmin]})], pendingProposals = fromList [], pendingBase = fromList [], appFold = DemoState {demoCounter = 1, demoLog = ["add 1"]}}, irChange = Nothing})

  To rerun use: --match "/S28-1 rejecting step before append/nonmember append persists nothing byte-identical/" --seed 760782159

Randomized with seed 760782159

Finished in 22.1282 seconds
131 examples, 2 failures
Test suite invariants: FAIL
Test suite logged to:
/code/kelgroups-issue-28/./dist-newstyle/build/x86_64-linux/ghc-9.8.4/kelgroups-0.1.0.0/t/invariants/noopt/test/kelgroups-0.1.0.0-invariants.log
0 of 1 test suites (0 of 1 test cases) passed.
Error: [Cabal-7125]
Tests failed for test:invariants from kelgroups-0.1.0.0.
LEG-PASS: 5-M2: test RED quoting rejecting-step witness
restored byte-exact: lib/KelGroups/Fold.hs (M2)
--- M3 always-commit (expect TEST red quoting an atomic-hook example) ---
M3 diff sha256=0dbf686505ca4cf56130f7f4d15c2f6049f10014017855f7551728adc8cc704a
warning: Git tree '/code/kelgroups-issue-28' is dirty
Build profile: -w ghc-9.8.4 -O0
In order, the following will be built (use -v for more details):
 - kelgroups-0.1.0.0 (lib) (file lib/KelGroups/Fold.hs changed)
 - keri-hs-0.1.0.0 (test:unit-tests) (first run)
 - kelgroups-0.1.0.0 (test:invariants) (dependency rebuilt)
Preprocessing library for kelgroups-0.1.0.0...
Building library for kelgroups-0.1.0.0...
Preprocessing test suite 'unit-tests' for keri-hs-0.1.0.0...
Building test suite 'unit-tests' for keri-hs-0.1.0.0...
[ 8 of 11] Compiling KelGroups.Fold   ( lib/KelGroups/Fold.hs, dist-newstyle/build/x86_64-linux/ghc-9.8.4/kelgroups-0.1.0.0/noopt/build/KelGroups/Fold.o, dist-newstyle/build/x86_64-linux/ghc-9.8.4/kelgroups-0.1.0.0/noopt/build/KelGroups/Fold.dyn_o ) [Source file changed]
Running 1 test suites...
Test suite unit-tests: RUNNING...
Preprocessing test suite 'invariants' for kelgroups-0.1.0.0...
Building test suite 'invariants' for kelgroups-0.1.0.0...

Keri.Cesr
  CESR roundtrip
    roundtrips arbitrary 32-byte Ed25519 keys [✔]
      +++ OK, passed 100 tests.
    roundtrips arbitrary 32-byte digests [✔]
      +++ OK, passed 100 tests.
    roundtrips arbitrary 64-byte signatures [✔]
      +++ OK, passed 100 tests.
  mkPrimitive
    rejects wrong size [✔]
    accepts correct size [✔]
Keri.Cesr.Decode
  decode
    roundtrips Ed25519PubKey [✔]
    roundtrips Ed25519Sig [✔]
    roundtrips Blake2bDigest [✔]
    decodes keripy test vector [✔]
    rejects too-short input [✔]
    rejects unknown codes [✔]
  cesr-test-vectors
    decodes code D [✔]
    decodes code F [✔]
    decodes code 0B [✔]
Keri.Cesr.DerivationCode
  codeText
    Ed25519PubKey is D [✔]
    Blake2bDigest is F [✔]
    Ed25519Sig is 0B [✔]
  rawSize
    Ed25519PubKey is 32 bytes [✔]
    Blake2bDigest is 32 bytes [✔]
    Ed25519Sig is 64 bytes [✔]
  codeLength
    Ed25519PubKey is 1 char [✔]
    Blake2bDigest is 1 char [✔]
    Ed25519Sig is 2 chars [✔]
  totalLength
    Ed25519PubKey is 44 chars [✔]
    Blake2bDigest is 44 chars [✔]
    Ed25519Sig is 88 chars [✔]
  identifyCode
    identifies D as Ed25519PubKey [✔]
    identifies F as Blake2bDigest [✔]
    identifies 0B as Ed25519Sig [✔]
    rejects unknown codes [✔]
Keri.Cesr.Encode
  encode
    encodes a 32-byte key to 44 chars [✔]
    starts with code prefix D [✔]
    encodes a 64-byte sig to 88 chars [✔]
    starts with code prefix 0B [✔]
    encodes a digest with code F [✔]
    matches keripy test vector for Ed25519 [✔]
  cesr-test-vectors
    code D (Ed25519 transferable) [✔]
    code F (Blake2b-256 digest) [✔]
    code 0B (Ed25519 signature) [✔]
Keri.Crypto.Blake3
  hash
    produces 32 bytes [✔]
    is deterministic [✔]
    differs for different inputs [✔]
    hash size is 32 [✔]
Keri.Crypto.Digest
  saidPlaceholder
    is 44 characters [✔]
    is all # characters [✔]
  computeSaid
    returns 44-char CESR text [✔]
    starts with F (digest code) [✔]
    is deterministic [✔]
    differs for different inputs [✔]
Keri.Crypto.Ed25519
  generateKeyPair
    generates a key pair [✔]
    generates distinct key pairs [✔]
  sign and verify
    verifies a valid signature [✔]
    rejects wrong message [✔]
    rejects wrong key [✔]
  publicKeyFromBytes
    roundtrips [✔]
    rejects wrong size [✔]
Keri.Event.Inception
  mkInception
    creates an inception event [✔]
    sets prefix equal to digest [✔]
    sets sequence number to 0 [✔]
    SAID is not placeholder [✔]
    SAID starts with F (digest code) [✔]
    version has correct size [✔]
Keri.Event.Interaction
  mkInteraction
    creates an interaction event [✔]
    preserves prefix [✔]
    SAID starts with F [✔]
Keri.Event.Rotation
  mkRotation
    creates a rotation event [✔]
    preserves prefix [✔]
    SAID differs from prefix [✔]
    SAID starts with F [✔]
Keri.Event.Serialize
  serializeEvent
    produces valid JSON for inception [✔]
    has deterministic field order [✔]
    serializes interaction [✔]
    serializes receipt [✔]
Keri.Kel
  append
    appends inception to empty KEL [✔]
    rejects non-inception as first event [✔]
  replay
    replays single inception [✔]
    replays inception + interaction [✔]
    rejects empty KEL [✔]
Keri.KeyState
  initialState
    sets prefix from inception [✔]
    sets sequence number to 0 [✔]
  applyEvent
    rejects inception on existing state [✔]
    applies rotation with valid pre-rotation [✔]
    rejects wrong sequence number [✔]
    rejects wrong prefix [✔]
    receipt does not change state [✔]
    rotation with empty pre-rotation [✔]
  verifySignatures
    threshold zero is always met [✔]
Keri.KeyState.PreRotation
  commitKey
    produces a digest commitment [✔]
    is deterministic [✔]
  verifyCommitment
    verifies matching key and commitment [✔]
    rejects wrong key [✔]

Finished in 0.0399 seconds
91 examples, 0 failures
Test suite unit-tests: PASS
Test suite logged to:
/code/kelgroups-issue-28/dist-newstyle/build/x86_64-linux/ghc-9.8.4/keri-hs-0.1.0.0/t/unit-tests/noopt/test/keri-hs-0.1.0.0-unit-tests.log
1 of 1 test suites (1 of 1 test cases) passed.
[17 of 17] Linking dist-newstyle/build/x86_64-linux/ghc-9.8.4/kelgroups-0.1.0.0/t/invariants/noopt/build/invariants/invariants [Library changed]
Running 1 test suites...
Test suite invariants: RUNNING...

Invariant 1: bootstrap ↔ zero admins
  bootstrap mode implies zero admins [✔]
    +++ OK, passed 100 tests.
  normal mode implies positive admins [✔]
    +++ OK, passed 100 tests.
Invariant 2: empty state
  empty state is in bootstrap mode [✔]
Invariant 3: majority properties
  majority of 0 admins is 0 [✔]
  majority of 1 admin is 1 [✔]
  majority of 2 admins is 1 [✔]
  majority of 3 admins is 2 [✔]
  majority n ≤ n [✔]
    +++ OK, passed 100 tests.
  majority of positive admin count is positive [✔]
    +++ OK, passed 100 tests.
Invariant 4: remove all → bootstrap
  removing all members triggers bootstrap [✔]
Invariant 5: admin member → normal
  state with at least one admin is in normal mode [✔]
    +++ OK, passed 100 tests.
Tier 1: enact_introduce_admin_exits_bootstrap
  introducing admin makes adminCount > 0 [✔]
    +++ OK, passed 100 tests.
Tier 1: enact_introduce_admin_count
  introducing admin increases adminCount by 1 [✔]
    +++ OK, passed 100 tests.
Tier 1: enact_introduce_nonadmin_count
  introducing non-admin preserves adminCount [✔]
    +++ OK, passed 100 tests.
Tier 1: enact_preserves_pendingProposals
  enact only touches members [✔]
    +++ OK, passed 100 tests.
Tier 1: foldGroup_nil
  folding empty list yields emptyState [✔]
Tier 2: bootstrap_proposal_immediately_enacted
  bootstrap proposal has no pending after apply [✔]
    +++ OK, passed 100 tests.
Tier 2: single_admin_proposal_enacted
  single admin proposal is enacted immediately [✔]
    +++ OK, passed 100 tests.
Tier 3: enact_remove_preserves_normal
  adminCount >= 2 and remove keeps adminCount >= 1 [✔]
    +++ OK, passed 100 tests.
App/base separation
  app event preserves members [✔]
    +++ OK, passed 100 tests.
  app event preserves pendingProposals [✔]
    +++ OK, passed 100 tests.
Approve identity
  approve nonexistent is identity [✔]
    +++ OK, passed 100 tests.
Enact member count effects
  changeRoles preserves member count [✔]
    +++ OK, passed 100 tests.
  introduce increases member count [✔]
    +++ OK, passed 100 tests.
Bootstrap validation
  bootstrap accepts admin intro [✔]
    +++ OK, passed 100 tests.
  bootstrap rejects non-admin intro [✔]
    +++ OK, passed 100 tests.
  bootstrap rejects remove [✔]
    +++ OK, passed 100 tests.
  bootstrap rejects changeRoles [✔]
    +++ OK, passed 100 tests.
Normal mode: auth
  non-member proposal rejected [✔]
    +++ OK, passed 100 tests.
  non-admin proposal rejected [✔]
    +++ OK, passed 100 tests.
  non-member app event rejected [✔]
    +++ OK, passed 100 tests.
  member app event accepted [✔]
    +++ OK, passed 100 tests.
Normal mode: proposal constraints
  introduce existing rejected [✔]
    +++ OK, passed 100 tests.
  remove nonmember rejected [✔]
    +++ OK, passed 100 tests.
  valid admin proposal accepted [✔]
    +++ OK, passed 100 tests.
Normal mode: approval constraints
  approve missing rejected [✔]
    +++ OK, passed 100 tests.
  double approve rejected [✔]
    +++ OK, passed 100 tests.
  valid approval accepted [✔]
    +++ OK, passed 100 tests.
KelGroups.Jwk
  RFC 8037 appendix vectors
    imports the A.1 Ed25519 private key [✔]
    reproduces the A.4 signature [✔]
  round trip
    preserves generated key pairs [✔]
      +++ OK, passed 100 tests.
    signatures verify across export/import [✔]
      +++ OK, passed 100 tests.
  JSON shape
    emits exactly kty/crv/x/d [✔]
    never shows key material via Show [✔]
  malformed input rejection
    rejects wrong kty [✔]
    rejects unsupported curve [✔]
    rejects bad base64url characters [✔]
    rejects padded base64url [✔]
    rejects truncated d [✔]
    rejects short x [✔]
    rejects empty members [✔]
    rejects non-canonical padding bits [✔]
    rejects mismatched public/private key [✔]
  store integration
    imports into a fresh store and reloads [✔]
    refuses to replace an existing identity [✔]
KelGroups.Store (SQLite)
  empty KEL
    opening empty DB gives emptyState [✔]
  roundtrip
    signers match after append+read [✔]
      +++ OK, passed 100 tests.
  fold consistency
    incremental TVar matches reopened replay [✔]
      +++ OK, passed 100 tests.
  readEventsFrom
    returns tail from index N [✔]
    returns empty for index beyond length [✔]
  kelLength
    length matches number of appends + 1 [✔]
      +++ OK, passed 100 tests.
Store-through invariants (Lean mirrors)
  bootstrap_iff_zero_admins [✔]
    +++ OK, passed 100 tests.
  normal_iff_positive_admins [✔]
    +++ OK, passed 100 tests.
  empty_is_bootstrap [✔]
  majority_le [✔]
    +++ OK, passed 100 tests.
  majority_pos [✔]
    +++ OK, passed 100 tests.
  admin_member_means_normal [✔]
    +++ OK, passed 100 tests.
  enact_introduce_admin_exits_bootstrap [✔]
    +++ OK, passed 100 tests.
  enact_introduce_admin_count [✔]
    +++ OK, passed 100 tests.
  enact_introduce_nonadmin_count [✔]
    +++ OK, passed 100 tests.
  enact_preserves_pendingProposals [✔]
    +++ OK, passed 100 tests.
  enact_remove_preserves_normal [✔]
    +++ OK, passed 100 tests.
  bootstrap_proposal_immediately_enacted [✔]
    +++ OK, passed 100 tests.
  single_admin_proposal_enacted [✔]
    +++ OK, passed 100 tests.
KelGroups.Server (HTTP)
  GET /condition
    empty KEL: non-member gets 403 [✔]
    empty KEL: missing key gets 401 [✔]
  POST /events
    bootstrap with correct passphrase succeeds [✔]
    wrong passphrase returns 401 [✔]
    missing passphrase in bootstrap returns 401 [✔]
  GET /events
    after submit returns event [✔]
    non-member gets 403 [✔]
  POST + GET roundtrip
    submitted event matches retrieved [✔]
  GET /condition reflects changes
    after bootstrap, mode is normal [✔]
  validation errors
    invalid event in normal mode returns 422 [✔]
  unknown route
    returns 404 [✔]
  GET /info
    returns public admin emails [✔]
  SSE /stream
    receives notification after POST [✔]
E2E scenarios
  Group bootstrap and single-admin lifecycle
    bootstrap → add member → verify state [✔]
  Multi-admin approval flow
    3 admins, proposal requires 2 approvals [✔]
    duplicate approval is rejected [✔]
  Member removal
    admin removes a member via proposal [✔]
    removing last admin returns to bootstrap [✔]
  Role changes
thread blocked indefinitely in an STM transaction
    promote member to admin [✔]
    demote admin to regular member [✔]
  KEL replay via GET /events
    reads back all events in order [✔]
  Authorization edge cases
    non-member cannot propose [✔]
    non-admin member cannot propose [✔]
    bootstrap rejects missing passphrase [✔]
    duplicate member introduction is rejected [✔]
  Re-bootstrap after total admin removal
    new admin can bootstrap after wipe [✔]
  SSE receives all events in sequence
    2 POSTs yield 2 SSE notifications [✔]
Multi-client scenarios
  Two clients: admin bootstraps, outsider joins
    Bob sees empty group, Alice bootstraps, Bob joins [✔]
  Three clients: multi-admin majority approval
    3 admins require 2 approvals for Dave [✔]
  Three clients: full lifecycle
thread blocked indefinitely in an STM transaction
    introduce, remove, wipe, re-bootstrap [✔]
S28-1 distinct types + signer + GroupView
  member add authorizes through the sole view [✔]
  nonmember app refused before any fold [✔]
  nonadmin reset never advances the counter [✔]
    +++ OK, passed 100 tests.
S28-1 rejecting step before append
  accepted events persist with readable rows [✔]
  two appends conserve state, rows, length and replay [✔]
  domain-invalid add never appends a byte [✔]
  nonmember append persists nothing byte-identical [✔]
S28-1 atomic hook
  succeeding hook commits with admitted evidence [✔]
  hook refusal rejects the whole transition [✘]
  failing hook restores prestate plus prelog [✘]
S28-1 direct-only admission
  direct admit by admin inserts the member [✔]
  reserved key refused apart from members [✔]
  voted mutations never insert members [✔]
    +++ OK, passed 100 tests.
  voted change-roles never inserts absent members [✔]
  voted change-roles keeps present member keys [✔]
  voted remove never inserts absent members [✔]
  nonempty pendingBase roundtrips through JSON [✔]
  old rows decode with empty pendingBase [✔]
  malformed pendingBase fails decode [✔]
S28-1 validate/fold agreement
  prefix folds match steps over mixed traces [✔]
    +++ OK, passed 100 tests.
  founding folds match steps over mixed traces [✔]
    +++ OK, passed 100 tests.
  accepted traces apply cleanly end to end [✔]
S28-1 no client-decided authority
  verdicts flow only through the boundary [✔]
  replayed log reproduces live state exactly [✔]
  unknown approval refused over pendingBase [✔]
  voted validation covers both arms exactly [✔]
  pending entries survive close and reopen [✔]

Failures:

  test/S28AppApiSpec.hs:317:26: 
  1) S28-1 atomic hook hook refusal rejects the whole transition
       expected DemoHookRefused: Right (IntegratedResult {irState = GroupState {members = fromList [("admin-key-1",Member {memberKey = "admin-key-1", memberEmail = "admin-key-1@test.example", memberRoles = fromList [AdminRole PublicAdmin]})], pendingProposals = fromList [], pendingBase = fromList [], appFold = DemoState {demoCounter = 0, demoLog = []}}, irChange = Just (MemberRemoved "protected-demo-member-key")})

  To rerun use: --match "/S28-1 atomic hook/hook refusal rejects the whole transition/" --seed 62023986

  test/S28AppApiSpec.hs:349:30: 
  2) S28-1 atomic hook failing hook restores prestate plus prelog
       expected hook refusal: Right (IntegratedResult {irState = GroupState {members = fromList [("admin-key-1",Member {memberKey = "admin-key-1", memberEmail = "admin-key-1@test.example", memberRoles = fromList [AdminRole PublicAdmin]})], pendingProposals = fromList [], pendingBase = fromList [], appFold = DemoState {demoCounter = 5, demoLog = ["add 5"]}}, irChange = Just (MemberRemoved "protected-demo-member-key")})

  To rerun use: --match "/S28-1 atomic hook/failing hook restores prestate plus prelog/" --seed 62023986

Randomized with seed 62023986

Finished in 22.0045 seconds
131 examples, 2 failures
Test suite invariants: FAIL
Test suite logged to:
/code/kelgroups-issue-28/./dist-newstyle/build/x86_64-linux/ghc-9.8.4/kelgroups-0.1.0.0/t/invariants/noopt/test/kelgroups-0.1.0.0-invariants.log
0 of 1 test suites (0 of 1 test cases) passed.
Error: [Cabal-7125]
Tests failed for test:invariants from kelgroups-0.1.0.0.

M3 test exit=1 sha256=59912bb0ba32e5799e36dfc5745a23fa20d856e9f2cf5aef51aea14e0216207b
KILL-QUOTE(M3): failing example: hook refusal rejects the whole transition
  test/S28AppApiSpec.hs:317:26: 
  1) S28-1 atomic hook hook refusal rejects the whole transition
       expected DemoHookRefused: Right (IntegratedResult {irState = GroupState {members = fromList [("admin-key-1",Member {memberKey = "admin-key-1", memberEmail = "admin-key-1@test.example", memberRoles = fromList [AdminRole PublicAdmin]})], pendingProposals = fromList [], pendingBase = fromList [], appFold = DemoState {demoCounter = 0, demoLog = []}}, irChange = Just (MemberRemoved "protected-demo-member-key")})

  To rerun use: --match "/S28-1 atomic hook/hook refusal rejects the whole transition/" --seed 62023986

  test/S28AppApiSpec.hs:349:30: 
  2) S28-1 atomic hook failing hook restores prestate plus prelog
       expected hook refusal: Right (IntegratedResult {irState = GroupState {members = fromList [("admin-key-1",Member {memberKey = "admin-key-1", memberEmail = "admin-key-1@test.example", memberRoles = fromList [AdminRole PublicAdmin]})], pendingProposals = fromList [], pendingBase = fromList [], appFold = DemoState {demoCounter = 5, demoLog = ["add 5"]}}, irChange = Just (MemberRemoved "protected-demo-member-key")})

  To rerun use: --match "/S28-1 atomic hook/failing hook restores prestate plus prelog/" --seed 62023986

Randomized with seed 62023986

Finished in 22.0045 seconds
131 examples, 2 failures
Test suite invariants: FAIL
LEG-PASS: 5-M3: test RED quoting atomic-hook witness
restored byte-exact: lib/KelGroups/Fold.hs (M3)
--- M4 AdmitMemberVoted (expect BUILD red: exhaustiveness) ---
M4 diff sha256=a9e6fc0c73c8ba574abcadb74a8967eb4ecca9584b7868bc3352ac60cd94065f
warning: Git tree '/code/kelgroups-issue-28' is dirty
Build profile: -w ghc-9.8.4 -O0
In order, the following will be built (use -v for more details):
 - kelgroups-0.1.0.0 (lib) (file lib/KelGroups/Fold.hs changed)
 - keri-hs-0.1.0.0 (exe:keri-cli) (configuration changed)
 - keri-hs-0.1.0.0 (exe:keri-demo) (configuration changed)
 - kelgroups-0.1.0.0 (exe:kelgroups-server) (configuration changed)
Configuring executable 'keri-cli' for keri-hs-0.1.0.0...
Configuring executable 'keri-demo' for keri-hs-0.1.0.0...
Preprocessing library for kelgroups-0.1.0.0...
Building library for kelgroups-0.1.0.0...
[ 3 of 11] Compiling KelGroups.Event  ( lib/KelGroups/Event.hs, dist-newstyle/build/x86_64-linux/ghc-9.8.4/kelgroups-0.1.0.0/noopt/build/KelGroups/Event.o, dist-newstyle/build/x86_64-linux/ghc-9.8.4/kelgroups-0.1.0.0/noopt/build/KelGroups/Event.dyn_o ) [Source file changed]
[ 4 of 11] Compiling KelGroups.State  ( lib/KelGroups/State.hs, dist-newstyle/build/x86_64-linux/ghc-9.8.4/kelgroups-0.1.0.0/noopt/build/KelGroups/State.o, dist-newstyle/build/x86_64-linux/ghc-9.8.4/kelgroups-0.1.0.0/noopt/build/KelGroups/State.dyn_o ) [KelGroups.Event changed]
[ 5 of 11] Compiling KelGroups.Bootstrap ( lib/KelGroups/Bootstrap.hs, dist-newstyle/build/x86_64-linux/ghc-9.8.4/kelgroups-0.1.0.0/noopt/build/KelGroups/Bootstrap.o, dist-newstyle/build/x86_64-linux/ghc-9.8.4/kelgroups-0.1.0.0/noopt/build/KelGroups/Bootstrap.dyn_o ) [KelGroups.State changed]
[ 6 of 11] Compiling KelGroups.Validate ( lib/KelGroups/Validate.hs, dist-newstyle/build/x86_64-linux/ghc-9.8.4/kelgroups-0.1.0.0/noopt/build/KelGroups/Validate.o, dist-newstyle/build/x86_64-linux/ghc-9.8.4/kelgroups-0.1.0.0/noopt/build/KelGroups/Validate.dyn_o ) [KelGroups.Bootstrap changed]

lib/KelGroups/Validate.hs:282:34: error: [GHC-62161] [-Wincomplete-patterns, Werror=incomplete-patterns]
    Pattern match(es) are non-exhaustive
    In a \case alternative:
        Patterns of type ‘BaseMutation’ not matched: AdmitMemberVoted _ _ _
    |
282 | validateBaseMutation gs signer = \case
    |                                  ^^^^^...
Preprocessing executable 'keri-demo' for keri-hs-0.1.0.0...
Building executable 'keri-demo' for keri-hs-0.1.0.0...
Preprocessing executable 'keri-cli' for keri-hs-0.1.0.0...
Building executable 'keri-cli' for keri-hs-0.1.0.0...
Error: [Cabal-7125]
Failed to build kelgroups-0.1.0.0 (which is required by exe:kelgroups-server from kelgroups-0.1.0.0).

M4 build exit=1 sha256=776f6d6f6276c8cc0fa7c3afb7e1fe65d0e800c373d5d16d448d14ca6d2ac46d
LEG-PASS: 5-M4: build RED, exhaustiveness failure quoted
restored byte-exact: lib/KelGroups/Event.hs (M4)
--- M5 replay refusal divergence (expect TEST red quoting an agreement example) ---
M5 diff sha256=7ef76d48e95fde2dc35f9b6f0103e20676e6b58687c459e91c1bbd9dd3795c40
warning: Git tree '/code/kelgroups-issue-28' is dirty
Build profile: -w ghc-9.8.4 -O0
In order, the following will be built (use -v for more details):
 - kelgroups-0.1.0.0 (lib) (file lib/KelGroups/Fold.hs changed)
 - keri-hs-0.1.0.0 (test:unit-tests) (first run)
 - kelgroups-0.1.0.0 (test:invariants) (dependency rebuilt)
Preprocessing library for kelgroups-0.1.0.0...
Building library for kelgroups-0.1.0.0...
Preprocessing test suite 'unit-tests' for keri-hs-0.1.0.0...
Building test suite 'unit-tests' for keri-hs-0.1.0.0...
[ 3 of 11] Compiling KelGroups.Event  ( lib/KelGroups/Event.hs, dist-newstyle/build/x86_64-linux/ghc-9.8.4/kelgroups-0.1.0.0/noopt/build/KelGroups/Event.o, dist-newstyle/build/x86_64-linux/ghc-9.8.4/kelgroups-0.1.0.0/noopt/build/KelGroups/Event.dyn_o ) [Source file changed]
[ 4 of 11] Compiling KelGroups.State  ( lib/KelGroups/State.hs, dist-newstyle/build/x86_64-linux/ghc-9.8.4/kelgroups-0.1.0.0/noopt/build/KelGroups/State.o, dist-newstyle/build/x86_64-linux/ghc-9.8.4/kelgroups-0.1.0.0/noopt/build/KelGroups/State.dyn_o ) [KelGroups.Event changed]
[ 5 of 11] Compiling KelGroups.Bootstrap ( lib/KelGroups/Bootstrap.hs, dist-newstyle/build/x86_64-linux/ghc-9.8.4/kelgroups-0.1.0.0/noopt/build/KelGroups/Bootstrap.o, dist-newstyle/build/x86_64-linux/ghc-9.8.4/kelgroups-0.1.0.0/noopt/build/KelGroups/Bootstrap.dyn_o ) [KelGroups.State changed]
[ 8 of 11] Compiling KelGroups.Fold   ( lib/KelGroups/Fold.hs, dist-newstyle/build/x86_64-linux/ghc-9.8.4/kelgroups-0.1.0.0/noopt/build/KelGroups/Fold.o, dist-newstyle/build/x86_64-linux/ghc-9.8.4/kelgroups-0.1.0.0/noopt/build/KelGroups/Fold.dyn_o ) [Source file changed]
Running 1 test suites...
Test suite unit-tests: RUNNING...

Keri.Cesr
  CESR roundtrip
    roundtrips arbitrary 32-byte Ed25519 keys [✔]
      +++ OK, passed 100 tests.
    roundtrips arbitrary 32-byte digests [✔]
      +++ OK, passed 100 tests.
    roundtrips arbitrary 64-byte signatures [✔]
      +++ OK, passed 100 tests.
  mkPrimitive
    rejects wrong size [✔]
    accepts correct size [✔]
Keri.Cesr.Decode
  decode
    roundtrips Ed25519PubKey [✔]
    roundtrips Ed25519Sig [✔]
    roundtrips Blake2bDigest [✔]
    decodes keripy test vector [✔]
    rejects too-short input [✔]
    rejects unknown codes [✔]
  cesr-test-vectors
    decodes code D [✔]
    decodes code F [✔]
    decodes code 0B [✔]
Keri.Cesr.DerivationCode
  codeText
    Ed25519PubKey is D [✔]
    Blake2bDigest is F [✔]
    Ed25519Sig is 0B [✔]
  rawSize
    Ed25519PubKey is 32 bytes [✔]
    Blake2bDigest is 32 bytes [✔]
    Ed25519Sig is 64 bytes [✔]
  codeLength
    Ed25519PubKey is 1 char [✔]
    Blake2bDigest is 1 char [✔]
    Ed25519Sig is 2 chars [✔]
  totalLength
    Ed25519PubKey is 44 chars [✔]
    Blake2bDigest is 44 chars [✔]
    Ed25519Sig is 88 chars [✔]
  identifyCode
    identifies D as Ed25519PubKey [✔]
    identifies F as Blake2bDigest [✔]
    identifies 0B as Ed25519Sig [✔]
    rejects unknown codes [✔]
Keri.Cesr.Encode
  encode
    encodes a 32-byte key to 44 chars [✔]
    starts with code prefix D [✔]
    encodes a 64-byte sig to 88 chars [✔]
    starts with code prefix 0B [✔]
    encodes a digest with code F [✔]
    matches keripy test vector for Ed25519 [✔]
  cesr-test-vectors
    code D (Ed25519 transferable) [✔]
    code F (Blake2b-256 digest) [✔]
    code 0B (Ed25519 signature) [✔]
Keri.Crypto.Blake3
  hash
    produces 32 bytes [✔]
    is deterministic [✔]
    differs for different inputs [✔]
    hash size is 32 [✔]
Keri.Crypto.Digest
  saidPlaceholder
    is 44 characters [✔]
    is all # characters [✔]
  computeSaid
    returns 44-char CESR text [✔]
    starts with F (digest code) [✔]
    is deterministic [✔]
    differs for different inputs [✔]
Keri.Crypto.Ed25519
  generateKeyPair
    generates a key pair [✔]
    generates distinct key pairs [✔]
  sign and verify
    verifies a valid signature [✔]
    rejects wrong message [✔]
    rejects wrong key [✔]
  publicKeyFromBytes
    roundtrips [✔]
    rejects wrong size [✔]
Keri.Event.Inception
  mkInception
    creates an inception event [✔]
    sets prefix equal to digest [✔]
    sets sequence number to 0 [✔]
    SAID is not placeholder [✔]
    SAID starts with F (digest code) [✔]
    version has correct size [✔]
Keri.Event.Interaction
  mkInteraction
    creates an interaction event [✔]
    preserves prefix [✔]
    SAID starts with F [✔]
Keri.Event.Rotation
  mkRotation
    creates a rotation event [✔]
    preserves prefix [✔]
    SAID differs from prefix [✔]
    SAID starts with F [✔]
Keri.Event.Serialize
  serializeEvent
    produces valid JSON for inception [✔]
    has deterministic field order [✔]
    serializes interaction [✔]
    serializes receipt [✔]
Keri.Kel
  append
    appends inception to empty KEL [✔]
    rejects non-inception as first event [✔]
  replay
    replays single inception [✔]
    replays inception + interaction [✔]
    rejects empty KEL [✔]
Keri.KeyState
  initialState
    sets prefix from inception [✔]
    sets sequence number to 0 [✔]
  applyEvent
    rejects inception on existing state [✔]
    applies rotation with valid pre-rotation [✔]
    rejects wrong sequence number [✔]
    rejects wrong prefix [✔]
    receipt does not change state [✔]
    rotation with empty pre-rotation [✔]
  verifySignatures
    threshold zero is always met [✔]
Keri.KeyState.PreRotation
  commitKey
    produces a digest commitment [✔]
    is deterministic [✔]
  verifyCommitment
    verifies matching key and commitment [✔]
    rejects wrong key [✔]

Finished in 0.0385 seconds
91 examples, 0 failures
Test suite unit-tests: PASS
Test suite logged to:
/code/kelgroups-issue-28/dist-newstyle/build/x86_64-linux/ghc-9.8.4/keri-hs-0.1.0.0/t/unit-tests/noopt/test/keri-hs-0.1.0.0-unit-tests.log
1 of 1 test suites (1 of 1 test cases) passed.
Preprocessing test suite 'invariants' for kelgroups-0.1.0.0...
Building test suite 'invariants' for kelgroups-0.1.0.0...
[17 of 17] Linking dist-newstyle/build/x86_64-linux/ghc-9.8.4/kelgroups-0.1.0.0/t/invariants/noopt/build/invariants/invariants [Library changed]
Running 1 test suites...
Test suite invariants: RUNNING...

Invariant 1: bootstrap ↔ zero admins
  bootstrap mode implies zero admins [✔]
    +++ OK, passed 100 tests.
  normal mode implies positive admins [✔]
    +++ OK, passed 100 tests.
Invariant 2: empty state
  empty state is in bootstrap mode [✔]
Invariant 3: majority properties
  majority of 0 admins is 0 [✔]
  majority of 1 admin is 1 [✔]
  majority of 2 admins is 1 [✔]
  majority of 3 admins is 2 [✔]
  majority n ≤ n [✔]
    +++ OK, passed 100 tests.
  majority of positive admin count is positive [✔]
    +++ OK, passed 100 tests.
Invariant 4: remove all → bootstrap
  removing all members triggers bootstrap [✔]
Invariant 5: admin member → normal
  state with at least one admin is in normal mode [✔]
    +++ OK, passed 100 tests.
Tier 1: enact_introduce_admin_exits_bootstrap
  introducing admin makes adminCount > 0 [✔]
    +++ OK, passed 100 tests.
Tier 1: enact_introduce_admin_count
  introducing admin increases adminCount by 1 [✔]
    +++ OK, passed 100 tests.
Tier 1: enact_introduce_nonadmin_count
  introducing non-admin preserves adminCount [✔]
    +++ OK, passed 100 tests.
Tier 1: enact_preserves_pendingProposals
  enact only touches members [✔]
    +++ OK, passed 100 tests.
Tier 1: foldGroup_nil
  folding empty list yields emptyState [✔]
Tier 2: bootstrap_proposal_immediately_enacted
  bootstrap proposal has no pending after apply [✔]
    +++ OK, passed 100 tests.
Tier 2: single_admin_proposal_enacted
  single admin proposal is enacted immediately [✔]
    +++ OK, passed 100 tests.
Tier 3: enact_remove_preserves_normal
  adminCount >= 2 and remove keeps adminCount >= 1 [✔]
    +++ OK, passed 100 tests.
App/base separation
  app event preserves members [✔]
    +++ OK, passed 100 tests.
  app event preserves pendingProposals [✔]
    +++ OK, passed 100 tests.
Approve identity
  approve nonexistent is identity [✔]
    +++ OK, passed 100 tests.
Enact member count effects
  changeRoles preserves member count [✔]
    +++ OK, passed 100 tests.
  introduce increases member count [✔]
    +++ OK, passed 100 tests.
Bootstrap validation
  bootstrap accepts admin intro [✔]
    +++ OK, passed 100 tests.
  bootstrap rejects non-admin intro [✔]
    +++ OK, passed 100 tests.
  bootstrap rejects remove [✔]
    +++ OK, passed 100 tests.
  bootstrap rejects changeRoles [✔]
    +++ OK, passed 100 tests.
Normal mode: auth
  non-member proposal rejected [✔]
    +++ OK, passed 100 tests.
  non-admin proposal rejected [✔]
    +++ OK, passed 100 tests.
  non-member app event rejected [✔]
    +++ OK, passed 100 tests.
  member app event accepted [✔]
    +++ OK, passed 100 tests.
Normal mode: proposal constraints
  introduce existing rejected [✔]
    +++ OK, passed 100 tests.
  remove nonmember rejected [✔]
    +++ OK, passed 100 tests.
  valid admin proposal accepted [✔]
    +++ OK, passed 100 tests.
Normal mode: approval constraints
  approve missing rejected [✔]
    +++ OK, passed 100 tests.
  double approve rejected [✔]
    +++ OK, passed 100 tests.
  valid approval accepted [✔]
    +++ OK, passed 100 tests.
KelGroups.Jwk
  RFC 8037 appendix vectors
    imports the A.1 Ed25519 private key [✔]
    reproduces the A.4 signature [✔]
  round trip
    preserves generated key pairs [✔]
      +++ OK, passed 100 tests.
    signatures verify across export/import [✔]
      +++ OK, passed 100 tests.
  JSON shape
    emits exactly kty/crv/x/d [✔]
    never shows key material via Show [✔]
  malformed input rejection
    rejects wrong kty [✔]
    rejects unsupported curve [✔]
    rejects bad base64url characters [✔]
    rejects padded base64url [✔]
    rejects truncated d [✔]
    rejects short x [✔]
    rejects empty members [✔]
    rejects non-canonical padding bits [✔]
    rejects mismatched public/private key [✔]
  store integration
    imports into a fresh store and reloads [✔]
    refuses to replace an existing identity [✔]
KelGroups.Store (SQLite)
  empty KEL
    opening empty DB gives emptyState [✔]
  roundtrip
    signers match after append+read [✔]
      +++ OK, passed 100 tests.
  fold consistency
    incremental TVar matches reopened replay [✔]
      +++ OK, passed 100 tests.
  readEventsFrom
    returns tail from index N [✔]
    returns empty for index beyond length [✔]
  kelLength
    length matches number of appends + 1 [✔]
      +++ OK, passed 100 tests.
Store-through invariants (Lean mirrors)
  bootstrap_iff_zero_admins [✔]
    +++ OK, passed 100 tests.
  normal_iff_positive_admins [✔]
    +++ OK, passed 100 tests.
  empty_is_bootstrap [✔]
  majority_le [✔]
    +++ OK, passed 100 tests.
  majority_pos [✔]
    +++ OK, passed 100 tests.
  admin_member_means_normal [✔]
    +++ OK, passed 100 tests.
  enact_introduce_admin_exits_bootstrap [✔]
    +++ OK, passed 100 tests.
  enact_introduce_admin_count [✔]
    +++ OK, passed 100 tests.
  enact_introduce_nonadmin_count [✔]
    +++ OK, passed 100 tests.
  enact_preserves_pendingProposals [✔]
    +++ OK, passed 100 tests.
  enact_remove_preserves_normal [✔]
    +++ OK, passed 100 tests.
  bootstrap_proposal_immediately_enacted [✔]
    +++ OK, passed 100 tests.
  single_admin_proposal_enacted [✔]
    +++ OK, passed 100 tests.
KelGroups.Server (HTTP)
  GET /condition
    empty KEL: non-member gets 403 [✔]
    empty KEL: missing key gets 401 [✔]
  POST /events
    bootstrap with correct passphrase succeeds [✔]
    wrong passphrase returns 401 [✔]
    missing passphrase in bootstrap returns 401 [✔]
  GET /events
    after submit returns event [✔]
    non-member gets 403 [✔]
  POST + GET roundtrip
    submitted event matches retrieved [✔]
  GET /condition reflects changes
    after bootstrap, mode is normal [✔]
  validation errors
    invalid event in normal mode returns 422 [✔]
  unknown route
    returns 404 [✔]
  GET /info
    returns public admin emails [✔]
  SSE /stream
    receives notification after POST [✔]
E2E scenarios
  Group bootstrap and single-admin lifecycle
    bootstrap → add member → verify state [✔]
  Multi-admin approval flow
    3 admins, proposal requires 2 approvals [✔]
    duplicate approval is rejected [✔]
  Member removal
thread blocked indefinitely in an STM transaction
    admin removes a member via proposal [✔]
    removing last admin returns to bootstrap [✔]
  Role changes
    promote member to admin [✔]
    demote admin to regular member [✔]
  KEL replay via GET /events
    reads back all events in order [✔]
  Authorization edge cases
    non-member cannot propose [✔]
    non-admin member cannot propose [✔]
    bootstrap rejects missing passphrase [✔]
    duplicate member introduction is rejected [✔]
  Re-bootstrap after total admin removal
    new admin can bootstrap after wipe [✔]
  SSE receives all events in sequence
    2 POSTs yield 2 SSE notifications [✔]
Multi-client scenarios
  Two clients: admin bootstraps, outsider joins
    Bob sees empty group, Alice bootstraps, Bob joins [✔]
  Three clients: multi-admin majority approval
thread blocked indefinitely in an STM transaction
    3 admins require 2 approvals for Dave [✔]
  Three clients: full lifecycle
    introduce, remove, wipe, re-bootstrap [✔]
S28-1 distinct types + signer + GroupView
  member add authorizes through the sole view [✔]
  nonmember app refused before any fold [✔]
  nonadmin reset never advances the counter [✔]
    +++ OK, passed 100 tests.
S28-1 rejecting step before append
  accepted events persist with readable rows [✔]
  two appends conserve state, rows, length and replay [✔]
  domain-invalid add never appends a byte [✔]
  nonmember append persists nothing byte-identical [✔]
S28-1 atomic hook
  succeeding hook commits with admitted evidence [✔]
  hook refusal rejects the whole transition [✔]
  failing hook restores prestate plus prelog [✔]
S28-1 direct-only admission
  direct admit by admin inserts the member [✔]
  reserved key refused apart from members [✔]
  voted mutations never insert members [✔]
    +++ OK, passed 100 tests.
  voted change-roles never inserts absent members [✔]
  voted change-roles keeps present member keys [✔]
  voted remove never inserts absent members [✔]
  nonempty pendingBase roundtrips through JSON [✔]
  old rows decode with empty pendingBase [✔]
  malformed pendingBase fails decode [✔]
S28-1 validate/fold agreement
  prefix folds match steps over mixed traces [✘]
  founding folds match steps over mixed traces [✔]
    +++ OK, passed 100 tests.
  accepted traces apply cleanly end to end [✔]
S28-1 no client-decided authority
  verdicts flow only through the boundary [✔]
  replayed log reproduces live state exactly [✔]
  unknown approval refused over pendingBase [✔]
  voted validation covers both arms exactly [✔]
  pending entries survive close and reopen [✔]

Failures:

  test/S28AppApiSpec.hs:449:9: 
  1) S28-1 validate/fold agreement prefix folds match steps over mixed traces
       uncaught exception: ErrorCall
       MUTANT-M5
       CallStack (from HasCallStack):
         error, called at lib/KelGroups/Fold.hs:468:27 in kelgroups-0.1.0.0-inplace:KelGroups.Fold
       (after 4 tests)
         [("admin-key-1",IEApp DemoNoop),("admin-key-1",IEApp (DemoAdd (-3))),("admin-key-1",IEDirect (AdmitMember "fresh-key" "f@x" (fromList [])))]

  To rerun use: --match "/S28-1 validate/fold agreement/prefix folds match steps over mixed traces/" --seed 1596893039

Randomized with seed 1596893039

Finished in 22.9340 seconds
131 examples, 1 failure
Test suite invariants: FAIL
Test suite logged to:
/code/kelgroups-issue-28/./dist-newstyle/build/x86_64-linux/ghc-9.8.4/kelgroups-0.1.0.0/t/invariants/noopt/test/kelgroups-0.1.0.0-invariants.log
0 of 1 test suites (0 of 1 test cases) passed.
Error: [Cabal-7125]
Tests failed for test:invariants from kelgroups-0.1.0.0.

M5 test exit=1 sha256=ac3f5f6345e6549f7c128765bcd86fe749a2b3b4b890720eee59eb65ae987044
KILL-QUOTE(M5): failing example: prefix folds match steps over mixed traces
  test/S28AppApiSpec.hs:449:9: 
  1) S28-1 validate/fold agreement prefix folds match steps over mixed traces
       uncaught exception: ErrorCall
       MUTANT-M5
       CallStack (from HasCallStack):
         error, called at lib/KelGroups/Fold.hs:468:27 in kelgroups-0.1.0.0-inplace:KelGroups.Fold
       (after 4 tests)
         [("admin-key-1",IEApp DemoNoop),("admin-key-1",IEApp (DemoAdd (-3))),("admin-key-1",IEDirect (AdmitMember "fresh-key" "f@x" (fromList [])))]

  To rerun use: --match "/S28-1 validate/fold agreement/prefix folds match steps over mixed traces/" --seed 1596893039

Randomized with seed 1596893039

Finished in 22.9340 seconds
131 examples, 1 failure
Test suite invariants: FAIL
Test suite logged to:
/code/kelgroups-issue-28/./dist-newstyle/build/x86_64-linux/ghc-9.8.4/kelgroups-0.1.0.0/t/invariants/noopt/test/kelgroups-0.1.0.0-invariants.log
0 of 1 test suites (0 of 1 test cases) passed.
Error: [Cabal-7125]
LEG-PASS: 5-M5: test RED quoting agreement witness
restored byte-exact: lib/KelGroups/Fold.hs (M5)
--- M6 second path + rewired verdict (expect TEST red quoting an authority example) ---
M6 diff sha256=bdec082cf2c5a6360d5988dbcb3e21ef17043bb471347cc4d9c4f88d8f5d107b
warning: Git tree '/code/kelgroups-issue-28' is dirty
Build profile: -w ghc-9.8.4 -O0
In order, the following will be built (use -v for more details):
 - kelgroups-0.1.0.0 (lib) (file lib/KelGroups/Store.hs changed)
 - keri-hs-0.1.0.0 (test:unit-tests) (first run)
 - kelgroups-0.1.0.0 (test:invariants) (dependency rebuilt)
Preprocessing test suite 'unit-tests' for keri-hs-0.1.0.0...
Building test suite 'unit-tests' for keri-hs-0.1.0.0...
Preprocessing library for kelgroups-0.1.0.0...
Building library for kelgroups-0.1.0.0...
[ 8 of 11] Compiling KelGroups.Fold   ( lib/KelGroups/Fold.hs, dist-newstyle/build/x86_64-linux/ghc-9.8.4/kelgroups-0.1.0.0/noopt/build/KelGroups/Fold.o, dist-newstyle/build/x86_64-linux/ghc-9.8.4/kelgroups-0.1.0.0/noopt/build/KelGroups/Fold.dyn_o ) [Source file changed]
[10 of 11] Compiling KelGroups.Store  ( lib/KelGroups/Store.hs, dist-newstyle/build/x86_64-linux/ghc-9.8.4/kelgroups-0.1.0.0/noopt/build/KelGroups/Store.o, dist-newstyle/build/x86_64-linux/ghc-9.8.4/kelgroups-0.1.0.0/noopt/build/KelGroups/Store.dyn_o ) [Source file changed]
[11 of 11] Compiling KelGroups.Server ( lib/KelGroups/Server.hs, dist-newstyle/build/x86_64-linux/ghc-9.8.4/kelgroups-0.1.0.0/noopt/build/KelGroups/Server.o, dist-newstyle/build/x86_64-linux/ghc-9.8.4/kelgroups-0.1.0.0/noopt/build/KelGroups/Server.dyn_o ) [KelGroups.Store changed]
Running 1 test suites...
Test suite unit-tests: RUNNING...

Keri.Cesr
  CESR roundtrip
    roundtrips arbitrary 32-byte Ed25519 keys [✔]
      +++ OK, passed 100 tests.
    roundtrips arbitrary 32-byte digests [✔]
      +++ OK, passed 100 tests.
    roundtrips arbitrary 64-byte signatures [✔]
      +++ OK, passed 100 tests.
  mkPrimitive
    rejects wrong size [✔]
    accepts correct size [✔]
Keri.Cesr.Decode
  decode
    roundtrips Ed25519PubKey [✔]
    roundtrips Ed25519Sig [✔]
    roundtrips Blake2bDigest [✔]
    decodes keripy test vector [✔]
    rejects too-short input [✔]
    rejects unknown codes [✔]
  cesr-test-vectors
    decodes code D [✔]
    decodes code F [✔]
    decodes code 0B [✔]
Keri.Cesr.DerivationCode
  codeText
    Ed25519PubKey is D [✔]
    Blake2bDigest is F [✔]
    Ed25519Sig is 0B [✔]
  rawSize
    Ed25519PubKey is 32 bytes [✔]
    Blake2bDigest is 32 bytes [✔]
    Ed25519Sig is 64 bytes [✔]
  codeLength
    Ed25519PubKey is 1 char [✔]
    Blake2bDigest is 1 char [✔]
    Ed25519Sig is 2 chars [✔]
  totalLength
    Ed25519PubKey is 44 chars [✔]
    Blake2bDigest is 44 chars [✔]
    Ed25519Sig is 88 chars [✔]
  identifyCode
    identifies D as Ed25519PubKey [✔]
    identifies F as Blake2bDigest [✔]
    identifies 0B as Ed25519Sig [✔]
    rejects unknown codes [✔]
Keri.Cesr.Encode
  encode
    encodes a 32-byte key to 44 chars [✔]
    starts with code prefix D [✔]
    encodes a 64-byte sig to 88 chars [✔]
    starts with code prefix 0B [✔]
    encodes a digest with code F [✔]
    matches keripy test vector for Ed25519 [✔]
  cesr-test-vectors
    code D (Ed25519 transferable) [✔]
    code F (Blake2b-256 digest) [✔]
    code 0B (Ed25519 signature) [✔]
Keri.Crypto.Blake3
  hash
    produces 32 bytes [✔]
    is deterministic [✔]
    differs for different inputs [✔]
    hash size is 32 [✔]
Keri.Crypto.Digest
  saidPlaceholder
    is 44 characters [✔]
    is all # characters [✔]
  computeSaid
    returns 44-char CESR text [✔]
    starts with F (digest code) [✔]
    is deterministic [✔]
    differs for different inputs [✔]
Keri.Crypto.Ed25519
  generateKeyPair
    generates a key pair [✔]
    generates distinct key pairs [✔]
  sign and verify
    verifies a valid signature [✔]
    rejects wrong message [✔]
    rejects wrong key [✔]
  publicKeyFromBytes
    roundtrips [✔]
    rejects wrong size [✔]
Keri.Event.Inception
  mkInception
    creates an inception event [✔]
    sets prefix equal to digest [✔]
    sets sequence number to 0 [✔]
    SAID is not placeholder [✔]
    SAID starts with F (digest code) [✔]
    version has correct size [✔]
Keri.Event.Interaction
  mkInteraction
    creates an interaction event [✔]
    preserves prefix [✔]
    SAID starts with F [✔]
Keri.Event.Rotation
  mkRotation
    creates a rotation event [✔]
    preserves prefix [✔]
    SAID differs from prefix [✔]
    SAID starts with F [✔]
Keri.Event.Serialize
  serializeEvent
    produces valid JSON for inception [✔]
    has deterministic field order [✔]
    serializes interaction [✔]
    serializes receipt [✔]
Keri.Kel
  append
    appends inception to empty KEL [✔]
    rejects non-inception as first event [✔]
  replay
    replays single inception [✔]
    replays inception + interaction [✔]
    rejects empty KEL [✔]
Keri.KeyState
  initialState
    sets prefix from inception [✔]
    sets sequence number to 0 [✔]
  applyEvent
    rejects inception on existing state [✔]
    applies rotation with valid pre-rotation [✔]
    rejects wrong sequence number [✔]
    rejects wrong prefix [✔]
    receipt does not change state [✔]
    rotation with empty pre-rotation [✔]
  verifySignatures
    threshold zero is always met [✔]
Keri.KeyState.PreRotation
  commitKey
    produces a digest commitment [✔]
    is deterministic [✔]
  verifyCommitment
    verifies matching key and commitment [✔]
    rejects wrong key [✔]

Finished in 0.0457 seconds
91 examples, 0 failures
Test suite unit-tests: PASS
Test suite logged to:
/code/kelgroups-issue-28/dist-newstyle/build/x86_64-linux/ghc-9.8.4/keri-hs-0.1.0.0/t/unit-tests/noopt/test/keri-hs-0.1.0.0-unit-tests.log
1 of 1 test suites (1 of 1 test cases) passed.
Preprocessing test suite 'invariants' for kelgroups-0.1.0.0...
Building test suite 'invariants' for kelgroups-0.1.0.0...
[ 4 of 16] Compiling JwkSpec          ( test/JwkSpec.hs, dist-newstyle/build/x86_64-linux/ghc-9.8.4/kelgroups-0.1.0.0/t/invariants/noopt/build/invariants/invariants-tmp/JwkSpec.o ) [KelGroups.Store changed]
[ 6 of 16] Compiling S28AppApiSpec    ( test/S28AppApiSpec.hs, dist-newstyle/build/x86_64-linux/ghc-9.8.4/kelgroups-0.1.0.0/t/invariants/noopt/build/invariants/invariants-tmp/S28AppApiSpec.o ) [KelGroups.Store changed]
[ 7 of 16] Compiling ServerSpec       ( test/ServerSpec.hs, dist-newstyle/build/x86_64-linux/ghc-9.8.4/kelgroups-0.1.0.0/t/invariants/noopt/build/invariants/invariants-tmp/ServerSpec.o ) [KelGroups.Store changed]
[ 8 of 16] Compiling StoreSpec        ( test/StoreSpec.hs, dist-newstyle/build/x86_64-linux/ghc-9.8.4/kelgroups-0.1.0.0/t/invariants/noopt/build/invariants/invariants-tmp/StoreSpec.o ) [KelGroups.Store changed]
[ 9 of 16] Compiling StoreTestDSL     ( test/StoreTestDSL.hs, dist-newstyle/build/x86_64-linux/ghc-9.8.4/kelgroups-0.1.0.0/t/invariants/noopt/build/invariants/invariants-tmp/StoreTestDSL.o ) [KelGroups.Store changed]
[10 of 16] Compiling StoreInvariantsSpec ( test/StoreInvariantsSpec.hs, dist-newstyle/build/x86_64-linux/ghc-9.8.4/kelgroups-0.1.0.0/t/invariants/noopt/build/invariants/invariants-tmp/StoreInvariantsSpec.o ) [KelGroups.Store changed]
[11 of 16] Compiling TestHelpers      ( test/TestHelpers.hs, dist-newstyle/build/x86_64-linux/ghc-9.8.4/kelgroups-0.1.0.0/t/invariants/noopt/build/invariants/invariants-tmp/TestHelpers.o ) [KelGroups.Store changed]
[17 of 17] Linking dist-newstyle/build/x86_64-linux/ghc-9.8.4/kelgroups-0.1.0.0/t/invariants/noopt/build/invariants/invariants [Objects changed]
Running 1 test suites...
Test suite invariants: RUNNING...

Invariant 1: bootstrap ↔ zero admins
  bootstrap mode implies zero admins [✔]
    +++ OK, passed 100 tests.
  normal mode implies positive admins [✔]
    +++ OK, passed 100 tests.
Invariant 2: empty state
  empty state is in bootstrap mode [✔]
Invariant 3: majority properties
  majority of 0 admins is 0 [✔]
  majority of 1 admin is 1 [✔]
  majority of 2 admins is 1 [✔]
  majority of 3 admins is 2 [✔]
  majority n ≤ n [✔]
    +++ OK, passed 100 tests.
  majority of positive admin count is positive [✔]
    +++ OK, passed 100 tests.
Invariant 4: remove all → bootstrap
  removing all members triggers bootstrap [✔]
Invariant 5: admin member → normal
  state with at least one admin is in normal mode [✔]
    +++ OK, passed 100 tests.
Tier 1: enact_introduce_admin_exits_bootstrap
  introducing admin makes adminCount > 0 [✔]
    +++ OK, passed 100 tests.
Tier 1: enact_introduce_admin_count
  introducing admin increases adminCount by 1 [✔]
    +++ OK, passed 100 tests.
Tier 1: enact_introduce_nonadmin_count
  introducing non-admin preserves adminCount [✔]
    +++ OK, passed 100 tests.
Tier 1: enact_preserves_pendingProposals
  enact only touches members [✔]
    +++ OK, passed 100 tests.
Tier 1: foldGroup_nil
  folding empty list yields emptyState [✔]
Tier 2: bootstrap_proposal_immediately_enacted
  bootstrap proposal has no pending after apply [✔]
    +++ OK, passed 100 tests.
Tier 2: single_admin_proposal_enacted
  single admin proposal is enacted immediately [✔]
    +++ OK, passed 100 tests.
Tier 3: enact_remove_preserves_normal
  adminCount >= 2 and remove keeps adminCount >= 1 [✔]
    +++ OK, passed 100 tests.
App/base separation
  app event preserves members [✔]
    +++ OK, passed 100 tests.
  app event preserves pendingProposals [✔]
    +++ OK, passed 100 tests.
Approve identity
  approve nonexistent is identity [✔]
    +++ OK, passed 100 tests.
Enact member count effects
  changeRoles preserves member count [✔]
    +++ OK, passed 100 tests.
  introduce increases member count [✔]
    +++ OK, passed 100 tests.
Bootstrap validation
  bootstrap accepts admin intro [✔]
    +++ OK, passed 100 tests.
  bootstrap rejects non-admin intro [✔]
    +++ OK, passed 100 tests.
  bootstrap rejects remove [✔]
    +++ OK, passed 100 tests.
  bootstrap rejects changeRoles [✔]
    +++ OK, passed 100 tests.
Normal mode: auth
  non-member proposal rejected [✔]
    +++ OK, passed 100 tests.
  non-admin proposal rejected [✔]
    +++ OK, passed 100 tests.
  non-member app event rejected [✔]
    +++ OK, passed 100 tests.
  member app event accepted [✔]
    +++ OK, passed 100 tests.
Normal mode: proposal constraints
  introduce existing rejected [✔]
    +++ OK, passed 100 tests.
  remove nonmember rejected [✔]
    +++ OK, passed 100 tests.
  valid admin proposal accepted [✔]
    +++ OK, passed 100 tests.
Normal mode: approval constraints
  approve missing rejected [✔]
    +++ OK, passed 100 tests.
  double approve rejected [✔]
    +++ OK, passed 100 tests.
  valid approval accepted [✔]
    +++ OK, passed 100 tests.
KelGroups.Jwk
  RFC 8037 appendix vectors
    imports the A.1 Ed25519 private key [✔]
    reproduces the A.4 signature [✔]
  round trip
    preserves generated key pairs [✔]
      +++ OK, passed 100 tests.
    signatures verify across export/import [✔]
      +++ OK, passed 100 tests.
  JSON shape
    emits exactly kty/crv/x/d [✔]
    never shows key material via Show [✔]
  malformed input rejection
    rejects wrong kty [✔]
    rejects unsupported curve [✔]
    rejects bad base64url characters [✔]
    rejects padded base64url [✔]
    rejects truncated d [✔]
    rejects short x [✔]
    rejects empty members [✔]
    rejects non-canonical padding bits [✔]
    rejects mismatched public/private key [✔]
  store integration
    imports into a fresh store and reloads [✔]
    refuses to replace an existing identity [✔]
KelGroups.Store (SQLite)
  empty KEL
    opening empty DB gives emptyState [✔]
  roundtrip
    signers match after append+read [✔]
      +++ OK, passed 100 tests.
  fold consistency
    incremental TVar matches reopened replay [✔]
      +++ OK, passed 100 tests.
  readEventsFrom
    returns tail from index N [✔]
    returns empty for index beyond length [✔]
  kelLength
    length matches number of appends + 1 [✔]
      +++ OK, passed 100 tests.
Store-through invariants (Lean mirrors)
  bootstrap_iff_zero_admins [✔]
    +++ OK, passed 100 tests.
  normal_iff_positive_admins [✔]
    +++ OK, passed 100 tests.
  empty_is_bootstrap [✔]
  majority_le [✔]
    +++ OK, passed 100 tests.
  majority_pos [✔]
    +++ OK, passed 100 tests.
  admin_member_means_normal [✔]
    +++ OK, passed 100 tests.
  enact_introduce_admin_exits_bootstrap [✔]
    +++ OK, passed 100 tests.
  enact_introduce_admin_count [✔]
    +++ OK, passed 100 tests.
  enact_introduce_nonadmin_count [✔]
    +++ OK, passed 100 tests.
  enact_preserves_pendingProposals [✔]
    +++ OK, passed 100 tests.
  enact_remove_preserves_normal [✔]
    +++ OK, passed 100 tests.
  bootstrap_proposal_immediately_enacted [✔]
    +++ OK, passed 100 tests.
  single_admin_proposal_enacted [✔]
    +++ OK, passed 100 tests.
KelGroups.Server (HTTP)
  GET /condition
    empty KEL: non-member gets 403 [✔]
    empty KEL: missing key gets 401 [✔]
  POST /events
    bootstrap with correct passphrase succeeds [✔]
    wrong passphrase returns 401 [✔]
    missing passphrase in bootstrap returns 401 [✔]
  GET /events
    after submit returns event [✔]
    non-member gets 403 [✔]
  POST + GET roundtrip
    submitted event matches retrieved [✔]
  GET /condition reflects changes
    after bootstrap, mode is normal [✔]
  validation errors
    invalid event in normal mode returns 422 [✔]
  unknown route
    returns 404 [✔]
  GET /info
    returns public admin emails [✔]
  SSE /stream
    receives notification after POST [✔]
E2E scenarios
  Group bootstrap and single-admin lifecycle
    bootstrap → add member → verify state [✔]
  Multi-admin approval flow
thread blocked indefinitely in an STM transaction
    3 admins, proposal requires 2 approvals [✔]
    duplicate approval is rejected [✔]
  Member removal
    admin removes a member via proposal [✔]
    removing last admin returns to bootstrap [✔]
  Role changes
    promote member to admin [✔]
    demote admin to regular member [✔]
  KEL replay via GET /events
    reads back all events in order [✔]
  Authorization edge cases
    non-member cannot propose [✔]
    non-admin member cannot propose [✔]
    bootstrap rejects missing passphrase [✔]
    duplicate member introduction is rejected [✔]
  Re-bootstrap after total admin removal
    new admin can bootstrap after wipe [✔]
  SSE receives all events in sequence
    2 POSTs yield 2 SSE notifications [✔]
Multi-client scenarios
  Two clients: admin bootstraps, outsider joins
    Bob sees empty group, Alice bootstraps, Bob joins [✔]
  Three clients: multi-admin majority approval
    3 admins require 2 approvals for Dave [✔]
  Three clients: full lifecycle
    introduce, remove, wipe, re-bootstrap [✔]
S28-1 distinct types + signer + GroupView
  member add authorizes through the sole view [✔]
  nonmember app refused before any fold [✔]
  nonadmin reset never advances the counter [✔]
    +++ OK, passed 100 tests.
S28-1 rejecting step before append
  accepted events persist with readable rows [✘]
  two appends conserve state, rows, length and replay [✘]
  domain-invalid add never appends a byte [✔]
  nonmember append persists nothing byte-identical [✔]
S28-1 atomic hook
  succeeding hook commits with admitted evidence [✔]
  hook refusal rejects the whole transition [✔]
  failing hook restores prestate plus prelog [✘]
S28-1 direct-only admission
  direct admit by admin inserts the member [✔]
  reserved key refused apart from members [✔]
  voted mutations never insert members [✔]
    +++ OK, passed 100 tests.
  voted change-roles never inserts absent members [✔]
  voted change-roles keeps present member keys [✔]
  voted remove never inserts absent members [✔]
  nonempty pendingBase roundtrips through JSON [✔]
  old rows decode with empty pendingBase [✔]
  malformed pendingBase fails decode [✔]
S28-1 validate/fold agreement
thread blocked indefinitely in an STM transaction
  prefix folds match steps over mixed traces [✔]
    +++ OK, passed 100 tests.
  founding folds match steps over mixed traces [✔]
    +++ OK, passed 100 tests.
  accepted traces apply cleanly end to end [✔]
S28-1 no client-decided authority
  verdicts flow only through the boundary [✔]
  replayed log reproduces live state exactly [✘]
  unknown approval refused over pendingBase [✔]
  voted validation covers both arms exactly [✔]
  pending entries survive close and reopen [✘]

Failures:

  test/S28AppApiSpec.hs:209:40: 
  1) S28-1 rejecting step before append accepted events persist with readable rows
       expected: 2
        but got: 0

  To rerun use: --match "/S28-1 rejecting step before append/accepted events persist with readable rows/" --seed 768510073

  test/S28AppApiSpec.hs:233:40: 
  2) S28-1 rejecting step before append two appends conserve state, rows, length and replay
       expected: 3
        but got: 0

  To rerun use: --match "/S28-1 rejecting step before append/two appends conserve state, rows, length and replay/" --seed 768510073

  test/S28AppApiSpec.hs:359:21: 
  3) S28-1 atomic hook failing hook restores prestate plus prelog
       expected: GroupState {members = fromList [("admin-key-1",Member {memberKey = "admin-key-1", memberEmail = "admin-key-1@test.example", memberRoles = fromList [AdminRole PublicAdmin]}),("protected-demo-member-key",Member {memberKey = "protected-demo-member-key", memberEmail = "protected-demo-member-key@test.example", memberRoles = fromList []})], pendingProposals = fromList [], pendingBase = fromList [], appFold = DemoState {demoCounter = 0, demoLog = []}}
        but got: GroupState {members = fromList [("admin-key-1",Member {memberKey = "admin-key-1", memberEmail = "admin-key-1@test.example", memberRoles = fromList [AdminRole PublicAdmin]}),("protected-demo-member-key",Member {memberKey = "protected-demo-member-key", memberEmail = "protected-demo-member-key@test.example", memberRoles = fromList []})], pendingProposals = fromList [], pendingBase = fromList [], appFold = DemoState {demoCounter = 5, demoLog = ["add 5"]}}

  To rerun use: --match "/S28-1 atomic hook/failing hook restores prestate plus prelog/" --seed 768510073

  test/S28AppApiSpec.hs:523:17: 
  4) S28-1 no client-decided authority replayed log reproduces live state exactly
       expected: GroupState {members = fromList [("admin-key-1",Member {memberKey = "admin-key-1", memberEmail = "admin-key-1@test.example", memberRoles = fromList [AdminRole PublicAdmin]})], pendingProposals = fromList [], pendingBase = fromList [], appFold = DemoState {demoCounter = 0, demoLog = []}}
        but got: GroupState {members = fromList [("admin-key-1",Member {memberKey = "admin-key-1", memberEmail = "admin-key-1@test.example", memberRoles = fromList [AdminRole PublicAdmin]})], pendingProposals = fromList [], pendingBase = fromList [], appFold = DemoState {demoCounter = 3, demoLog = ["add 3"]}}

  To rerun use: --match "/S28-1 no client-decided authority/replayed log reproduces live state exactly/" --seed 768510073

  test/S28AppApiSpec.hs:569:21: 
  5) S28-1 no client-decided authority pending entries survive close and reopen
       predicate failed on: Nothing

  To rerun use: --match "/S28-1 no client-decided authority/pending entries survive close and reopen/" --seed 768510073

Randomized with seed 768510073

Finished in 22.0638 seconds
131 examples, 5 failures
Test suite invariants: FAIL
Test suite logged to:
/code/kelgroups-issue-28/./dist-newstyle/build/x86_64-linux/ghc-9.8.4/kelgroups-0.1.0.0/t/invariants/noopt/test/kelgroups-0.1.0.0-invariants.log
0 of 1 test suites (0 of 1 test cases) passed.
Error: [Cabal-7125]
Tests failed for test:invariants from kelgroups-0.1.0.0.

M6 test exit=1 sha256=e01b6a0300442082b3f88934cda3a4ed7760bbfb71a42b68b4b81f03e3c6a14b
KILL-QUOTE(M6): failing example: replayed log reproduces live state exactly
  test/S28AppApiSpec.hs:523:17: 
  4) S28-1 no client-decided authority replayed log reproduces live state exactly
       expected: GroupState {members = fromList [("admin-key-1",Member {memberKey = "admin-key-1", memberEmail = "admin-key-1@test.example", memberRoles = fromList [AdminRole PublicAdmin]})], pendingProposals = fromList [], pendingBase = fromList [], appFold = DemoState {demoCounter = 0, demoLog = []}}
        but got: GroupState {members = fromList [("admin-key-1",Member {memberKey = "admin-key-1", memberEmail = "admin-key-1@test.example", memberRoles = fromList [AdminRole PublicAdmin]})], pendingProposals = fromList [], pendingBase = fromList [], appFold = DemoState {demoCounter = 3, demoLog = ["add 3"]}}

  To rerun use: --match "/S28-1 no client-decided authority/replayed log reproduces live state exactly/" --seed 768510073

  test/S28AppApiSpec.hs:569:21: 
  5) S28-1 no client-decided authority pending entries survive close and reopen
       predicate failed on: Nothing

  To rerun use: --match "/S28-1 no client-decided authority/pending entries survive close and reopen/" --seed 768510073

Randomized with seed 768510073

Finished in 22.0638 seconds
131 examples, 5 failures
Test suite invariants: FAIL
LEG-PASS: 5-M6: test RED quoting authority witness
restored byte-exact: lib/KelGroups/Store.hs (M6)
--- M7 shadow voted-insert (expect TEST red quoting a direct-only example) ---
M7 diff sha256=52b6d287f237e872d9304fa1c042f457ef0f8bb4413fcefc3822691788779956
warning: Git tree '/code/kelgroups-issue-28' is dirty
Build profile: -w ghc-9.8.4 -O0
In order, the following will be built (use -v for more details):
 - kelgroups-0.1.0.0 (lib) (file lib/KelGroups/Store.hs changed)
 - keri-hs-0.1.0.0 (test:unit-tests) (first run)
 - kelgroups-0.1.0.0 (test:invariants) (dependency rebuilt)
Preprocessing library for kelgroups-0.1.0.0...
Building library for kelgroups-0.1.0.0...
Preprocessing test suite 'unit-tests' for keri-hs-0.1.0.0...
Building test suite 'unit-tests' for keri-hs-0.1.0.0...
[ 8 of 11] Compiling KelGroups.Fold   ( lib/KelGroups/Fold.hs, dist-newstyle/build/x86_64-linux/ghc-9.8.4/kelgroups-0.1.0.0/noopt/build/KelGroups/Fold.o, dist-newstyle/build/x86_64-linux/ghc-9.8.4/kelgroups-0.1.0.0/noopt/build/KelGroups/Fold.dyn_o ) [Source file changed]
[10 of 11] Compiling KelGroups.Store  ( lib/KelGroups/Store.hs, dist-newstyle/build/x86_64-linux/ghc-9.8.4/kelgroups-0.1.0.0/noopt/build/KelGroups/Store.o, dist-newstyle/build/x86_64-linux/ghc-9.8.4/kelgroups-0.1.0.0/noopt/build/KelGroups/Store.dyn_o ) [Source file changed]
[11 of 11] Compiling KelGroups.Server ( lib/KelGroups/Server.hs, dist-newstyle/build/x86_64-linux/ghc-9.8.4/kelgroups-0.1.0.0/noopt/build/KelGroups/Server.o, dist-newstyle/build/x86_64-linux/ghc-9.8.4/kelgroups-0.1.0.0/noopt/build/KelGroups/Server.dyn_o ) [KelGroups.Store changed]
Running 1 test suites...
Test suite unit-tests: RUNNING...

Keri.Cesr
  CESR roundtrip
    roundtrips arbitrary 32-byte Ed25519 keys [✔]
      +++ OK, passed 100 tests.
    roundtrips arbitrary 32-byte digests [✔]
      +++ OK, passed 100 tests.
    roundtrips arbitrary 64-byte signatures [✔]
      +++ OK, passed 100 tests.
  mkPrimitive
    rejects wrong size [✔]
    accepts correct size [✔]
Keri.Cesr.Decode
  decode
    roundtrips Ed25519PubKey [✔]
    roundtrips Ed25519Sig [✔]
    roundtrips Blake2bDigest [✔]
    decodes keripy test vector [✔]
    rejects too-short input [✔]
    rejects unknown codes [✔]
  cesr-test-vectors
    decodes code D [✔]
    decodes code F [✔]
    decodes code 0B [✔]
Keri.Cesr.DerivationCode
  codeText
    Ed25519PubKey is D [✔]
    Blake2bDigest is F [✔]
    Ed25519Sig is 0B [✔]
  rawSize
    Ed25519PubKey is 32 bytes [✔]
    Blake2bDigest is 32 bytes [✔]
    Ed25519Sig is 64 bytes [✔]
  codeLength
    Ed25519PubKey is 1 char [✔]
    Blake2bDigest is 1 char [✔]
    Ed25519Sig is 2 chars [✔]
  totalLength
    Ed25519PubKey is 44 chars [✔]
    Blake2bDigest is 44 chars [✔]
    Ed25519Sig is 88 chars [✔]
  identifyCode
    identifies D as Ed25519PubKey [✔]
    identifies F as Blake2bDigest [✔]
    identifies 0B as Ed25519Sig [✔]
    rejects unknown codes [✔]
Keri.Cesr.Encode
  encode
    encodes a 32-byte key to 44 chars [✔]
    starts with code prefix D [✔]
    encodes a 64-byte sig to 88 chars [✔]
    starts with code prefix 0B [✔]
    encodes a digest with code F [✔]
    matches keripy test vector for Ed25519 [✔]
  cesr-test-vectors
    code D (Ed25519 transferable) [✔]
    code F (Blake2b-256 digest) [✔]
    code 0B (Ed25519 signature) [✔]
Keri.Crypto.Blake3
  hash
    produces 32 bytes [✔]
    is deterministic [✔]
    differs for different inputs [✔]
    hash size is 32 [✔]
Keri.Crypto.Digest
  saidPlaceholder
    is 44 characters [✔]
    is all # characters [✔]
  computeSaid
    returns 44-char CESR text [✔]
    starts with F (digest code) [✔]
    is deterministic [✔]
    differs for different inputs [✔]
Keri.Crypto.Ed25519
  generateKeyPair
    generates a key pair [✔]
    generates distinct key pairs [✔]
  sign and verify
    verifies a valid signature [✔]
    rejects wrong message [✔]
    rejects wrong key [✔]
  publicKeyFromBytes
    roundtrips [✔]
    rejects wrong size [✔]
Keri.Event.Inception
  mkInception
    creates an inception event [✔]
    sets prefix equal to digest [✔]
    sets sequence number to 0 [✔]
    SAID is not placeholder [✔]
    SAID starts with F (digest code) [✔]
    version has correct size [✔]
Keri.Event.Interaction
  mkInteraction
    creates an interaction event [✔]
    preserves prefix [✔]
    SAID starts with F [✔]
Keri.Event.Rotation
  mkRotation
    creates a rotation event [✔]
    preserves prefix [✔]
    SAID differs from prefix [✔]
    SAID starts with F [✔]
Keri.Event.Serialize
  serializeEvent
    produces valid JSON for inception [✔]
    has deterministic field order [✔]
    serializes interaction [✔]
    serializes receipt [✔]
Keri.Kel
  append
    appends inception to empty KEL [✔]
    rejects non-inception as first event [✔]
  replay
    replays single inception [✔]
    replays inception + interaction [✔]
    rejects empty KEL [✔]
Keri.KeyState
  initialState
    sets prefix from inception [✔]
    sets sequence number to 0 [✔]
  applyEvent
    rejects inception on existing state [✔]
    applies rotation with valid pre-rotation [✔]
    rejects wrong sequence number [✔]
    rejects wrong prefix [✔]
    receipt does not change state [✔]
    rotation with empty pre-rotation [✔]
  verifySignatures
    threshold zero is always met [✔]
Keri.KeyState.PreRotation
  commitKey
    produces a digest commitment [✔]
    is deterministic [✔]
  verifyCommitment
    verifies matching key and commitment [✔]
    rejects wrong key [✔]

Finished in 0.0448 seconds
91 examples, 0 failures
Test suite unit-tests: PASS
Test suite logged to:
/code/kelgroups-issue-28/dist-newstyle/build/x86_64-linux/ghc-9.8.4/keri-hs-0.1.0.0/t/unit-tests/noopt/test/keri-hs-0.1.0.0-unit-tests.log
1 of 1 test suites (1 of 1 test cases) passed.
Preprocessing test suite 'invariants' for kelgroups-0.1.0.0...
Building test suite 'invariants' for kelgroups-0.1.0.0...
[ 4 of 16] Compiling JwkSpec          ( test/JwkSpec.hs, dist-newstyle/build/x86_64-linux/ghc-9.8.4/kelgroups-0.1.0.0/t/invariants/noopt/build/invariants/invariants-tmp/JwkSpec.o ) [KelGroups.Store changed]
[ 6 of 16] Compiling S28AppApiSpec    ( test/S28AppApiSpec.hs, dist-newstyle/build/x86_64-linux/ghc-9.8.4/kelgroups-0.1.0.0/t/invariants/noopt/build/invariants/invariants-tmp/S28AppApiSpec.o ) [KelGroups.Store changed]
[ 7 of 16] Compiling ServerSpec       ( test/ServerSpec.hs, dist-newstyle/build/x86_64-linux/ghc-9.8.4/kelgroups-0.1.0.0/t/invariants/noopt/build/invariants/invariants-tmp/ServerSpec.o ) [KelGroups.Store changed]
[ 8 of 16] Compiling StoreSpec        ( test/StoreSpec.hs, dist-newstyle/build/x86_64-linux/ghc-9.8.4/kelgroups-0.1.0.0/t/invariants/noopt/build/invariants/invariants-tmp/StoreSpec.o ) [KelGroups.Store changed]
[ 9 of 16] Compiling StoreTestDSL     ( test/StoreTestDSL.hs, dist-newstyle/build/x86_64-linux/ghc-9.8.4/kelgroups-0.1.0.0/t/invariants/noopt/build/invariants/invariants-tmp/StoreTestDSL.o ) [KelGroups.Store changed]
[10 of 16] Compiling StoreInvariantsSpec ( test/StoreInvariantsSpec.hs, dist-newstyle/build/x86_64-linux/ghc-9.8.4/kelgroups-0.1.0.0/t/invariants/noopt/build/invariants/invariants-tmp/StoreInvariantsSpec.o ) [KelGroups.Store changed]
[11 of 16] Compiling TestHelpers      ( test/TestHelpers.hs, dist-newstyle/build/x86_64-linux/ghc-9.8.4/kelgroups-0.1.0.0/t/invariants/noopt/build/invariants/invariants-tmp/TestHelpers.o ) [KelGroups.Store changed]
[17 of 17] Linking dist-newstyle/build/x86_64-linux/ghc-9.8.4/kelgroups-0.1.0.0/t/invariants/noopt/build/invariants/invariants [Objects changed]
Running 1 test suites...
Test suite invariants: RUNNING...

Invariant 1: bootstrap ↔ zero admins
  bootstrap mode implies zero admins [✔]
    +++ OK, passed 100 tests.
  normal mode implies positive admins [✔]
    +++ OK, passed 100 tests.
Invariant 2: empty state
  empty state is in bootstrap mode [✔]
Invariant 3: majority properties
  majority of 0 admins is 0 [✔]
  majority of 1 admin is 1 [✔]
  majority of 2 admins is 1 [✔]
  majority of 3 admins is 2 [✔]
  majority n ≤ n [✔]
    +++ OK, passed 100 tests.
  majority of positive admin count is positive [✔]
    +++ OK, passed 100 tests.
Invariant 4: remove all → bootstrap
  removing all members triggers bootstrap [✔]
Invariant 5: admin member → normal
  state with at least one admin is in normal mode [✔]
    +++ OK, passed 100 tests.
Tier 1: enact_introduce_admin_exits_bootstrap
  introducing admin makes adminCount > 0 [✔]
    +++ OK, passed 100 tests.
Tier 1: enact_introduce_admin_count
  introducing admin increases adminCount by 1 [✔]
    +++ OK, passed 100 tests.
Tier 1: enact_introduce_nonadmin_count
  introducing non-admin preserves adminCount [✔]
    +++ OK, passed 100 tests.
Tier 1: enact_preserves_pendingProposals
  enact only touches members [✔]
    +++ OK, passed 100 tests.
Tier 1: foldGroup_nil
  folding empty list yields emptyState [✔]
Tier 2: bootstrap_proposal_immediately_enacted
  bootstrap proposal has no pending after apply [✔]
    +++ OK, passed 100 tests.
Tier 2: single_admin_proposal_enacted
  single admin proposal is enacted immediately [✔]
    +++ OK, passed 100 tests.
Tier 3: enact_remove_preserves_normal
  adminCount >= 2 and remove keeps adminCount >= 1 [✔]
    +++ OK, passed 100 tests.
App/base separation
  app event preserves members [✔]
    +++ OK, passed 100 tests.
  app event preserves pendingProposals [✔]
    +++ OK, passed 100 tests.
Approve identity
  approve nonexistent is identity [✔]
    +++ OK, passed 100 tests.
Enact member count effects
  changeRoles preserves member count [✔]
    +++ OK, passed 100 tests.
  introduce increases member count [✔]
    +++ OK, passed 100 tests.
Bootstrap validation
  bootstrap accepts admin intro [✔]
    +++ OK, passed 100 tests.
  bootstrap rejects non-admin intro [✔]
    +++ OK, passed 100 tests.
  bootstrap rejects remove [✔]
    +++ OK, passed 100 tests.
  bootstrap rejects changeRoles [✔]
    +++ OK, passed 100 tests.
Normal mode: auth
  non-member proposal rejected [✔]
    +++ OK, passed 100 tests.
  non-admin proposal rejected [✔]
    +++ OK, passed 100 tests.
  non-member app event rejected [✔]
    +++ OK, passed 100 tests.
  member app event accepted [✔]
    +++ OK, passed 100 tests.
Normal mode: proposal constraints
  introduce existing rejected [✔]
    +++ OK, passed 100 tests.
  remove nonmember rejected [✔]
    +++ OK, passed 100 tests.
  valid admin proposal accepted [✔]
    +++ OK, passed 100 tests.
Normal mode: approval constraints
  approve missing rejected [✔]
    +++ OK, passed 100 tests.
  double approve rejected [✔]
    +++ OK, passed 100 tests.
  valid approval accepted [✔]
    +++ OK, passed 100 tests.
KelGroups.Jwk
  RFC 8037 appendix vectors
    imports the A.1 Ed25519 private key [✔]
    reproduces the A.4 signature [✔]
  round trip
    preserves generated key pairs [✔]
      +++ OK, passed 100 tests.
    signatures verify across export/import [✔]
      +++ OK, passed 100 tests.
  JSON shape
    emits exactly kty/crv/x/d [✔]
    never shows key material via Show [✔]
  malformed input rejection
    rejects wrong kty [✔]
    rejects unsupported curve [✔]
    rejects bad base64url characters [✔]
    rejects padded base64url [✔]
    rejects truncated d [✔]
    rejects short x [✔]
    rejects empty members [✔]
    rejects non-canonical padding bits [✔]
    rejects mismatched public/private key [✔]
  store integration
    imports into a fresh store and reloads [✔]
    refuses to replace an existing identity [✔]
KelGroups.Store (SQLite)
  empty KEL
    opening empty DB gives emptyState [✔]
  roundtrip
    signers match after append+read [✔]
      +++ OK, passed 100 tests.
  fold consistency
    incremental TVar matches reopened replay [✔]
      +++ OK, passed 100 tests.
  readEventsFrom
    returns tail from index N [✔]
    returns empty for index beyond length [✔]
  kelLength
    length matches number of appends + 1 [✔]
      +++ OK, passed 100 tests.
Store-through invariants (Lean mirrors)
  bootstrap_iff_zero_admins [✔]
    +++ OK, passed 100 tests.
  normal_iff_positive_admins [✔]
    +++ OK, passed 100 tests.
  empty_is_bootstrap [✔]
  majority_le [✔]
    +++ OK, passed 100 tests.
  majority_pos [✔]
    +++ OK, passed 100 tests.
  admin_member_means_normal [✔]
    +++ OK, passed 100 tests.
  enact_introduce_admin_exits_bootstrap [✔]
    +++ OK, passed 100 tests.
  enact_introduce_admin_count [✔]
    +++ OK, passed 100 tests.
  enact_introduce_nonadmin_count [✔]
    +++ OK, passed 100 tests.
  enact_preserves_pendingProposals [✔]
    +++ OK, passed 100 tests.
  enact_remove_preserves_normal [✔]
    +++ OK, passed 100 tests.
  bootstrap_proposal_immediately_enacted [✔]
    +++ OK, passed 100 tests.
  single_admin_proposal_enacted [✔]
    +++ OK, passed 100 tests.
KelGroups.Server (HTTP)
  GET /condition
    empty KEL: non-member gets 403 [✔]
    empty KEL: missing key gets 401 [✔]
  POST /events
    bootstrap with correct passphrase succeeds [✔]
    wrong passphrase returns 401 [✔]
    missing passphrase in bootstrap returns 401 [✔]
  GET /events
    after submit returns event [✔]
    non-member gets 403 [✔]
  POST + GET roundtrip
    submitted event matches retrieved [✔]
  GET /condition reflects changes
    after bootstrap, mode is normal [✔]
  validation errors
    invalid event in normal mode returns 422 [✔]
  unknown route
    returns 404 [✔]
  GET /info
    returns public admin emails [✔]
  SSE /stream
    receives notification after POST [✔]
E2E scenarios
  Group bootstrap and single-admin lifecycle
    bootstrap → add member → verify state [✔]
  Multi-admin approval flow
thread blocked indefinitely in an STM transaction
    3 admins, proposal requires 2 approvals [✔]
    duplicate approval is rejected [✔]
  Member removal
    admin removes a member via proposal [✔]
    removing last admin returns to bootstrap [✔]
  Role changes
    promote member to admin [✔]
    demote admin to regular member [✔]
  KEL replay via GET /events
    reads back all events in order [✔]
  Authorization edge cases
    non-member cannot propose [✔]
    non-admin member cannot propose [✔]
    bootstrap rejects missing passphrase [✔]
    duplicate member introduction is rejected [✔]
  Re-bootstrap after total admin removal
    new admin can bootstrap after wipe [✔]
  SSE receives all events in sequence
    2 POSTs yield 2 SSE notifications [✔]
Multi-client scenarios
  Two clients: admin bootstraps, outsider joins
    Bob sees empty group, Alice bootstraps, Bob joins [✔]
  Three clients: multi-admin majority approval
    3 admins require 2 approvals for Dave [✔]
  Three clients: full lifecycle
    introduce, remove, wipe, re-bootstrap [✔]
S28-1 distinct types + signer + GroupView
  member add authorizes through the sole view [✔]
  nonmember app refused before any fold [✔]
  nonadmin reset never advances the counter [✔]
    +++ OK, passed 100 tests.
S28-1 rejecting step before append
  accepted events persist with readable rows [✔]
  two appends conserve state, rows, length and replay [✔]
  domain-invalid add never appends a byte [✔]
  nonmember append persists nothing byte-identical [✔]
S28-1 atomic hook
  succeeding hook commits with admitted evidence [✔]
  hook refusal rejects the whole transition [✔]
  failing hook restores prestate plus prelog [✔]
S28-1 direct-only admission
  direct admit by admin inserts the member [✔]
  reserved key refused apart from members [✔]
  voted mutations never insert members [✘]
  voted change-roles never inserts absent members [✘]
  voted change-roles keeps present member keys [✔]
  voted remove never inserts absent members [✔]
  nonempty pendingBase roundtrips through JSON [✔]
  old rows decode with empty pendingBase [✔]
  malformed pendingBase fails decode [✔]
S28-1 validate/fold agreement
  prefix folds match steps over mixed traces [✔]
    +++ OK, passed 100 tests.
  founding folds match steps over mixed traces [✔]
    +++ OK, passed 100 tests.
  accepted traces apply cleanly end to end [✔]
S28-1 no client-decided authority
  verdicts flow only through the boundary [✔]
  replayed log reproduces live state exactly [✔]
  unknown approval refused over pendingBase [✔]
  voted validation covers both arms exactly [✔]
  pending entries survive close and reopen [✔]

Failures:

  test/S28AppApiSpec.hs:393:9: 
  1) S28-1 direct-only admission voted mutations never insert members
       Falsified (after 4 tests):
         DemoChangeRoles "member-key-2" (fromList [])

  To rerun use: --match "/S28-1 direct-only admission/voted mutations never insert members/" --seed 1168442273

  test/S28AppApiSpec.hs:408:17: 
  2) S28-1 direct-only admission voted change-roles never inserts absent members
       expected: fromList ["admin-key-1"]
        but got: fromList ["absent-witness-9","admin-key-1"]

  To rerun use: --match "/S28-1 direct-only admission/voted change-roles never inserts absent members/" --seed 1168442273

Randomized with seed 1168442273

Finished in 21.9702 seconds
131 examples, 2 failures
Test suite invariants: FAIL
Test suite logged to:
/code/kelgroups-issue-28/./dist-newstyle/build/x86_64-linux/ghc-9.8.4/kelgroups-0.1.0.0/t/invariants/noopt/test/kelgroups-0.1.0.0-invariants.log
0 of 1 test suites (0 of 1 test cases) passed.
Error: [Cabal-7125]
Tests failed for test:invariants from kelgroups-0.1.0.0.

M7 test exit=1 sha256=81643e70c7074cd1823e2f863eae95e140b2d99231e81a3541ea79546cee9562
KILL-QUOTE(M7): failing example: voted mutations never insert members
  test/S28AppApiSpec.hs:393:9: 
  1) S28-1 direct-only admission voted mutations never insert members
       Falsified (after 4 tests):
         DemoChangeRoles "member-key-2" (fromList [])

  To rerun use: --match "/S28-1 direct-only admission/voted mutations never insert members/" --seed 1168442273

  test/S28AppApiSpec.hs:408:17: 
  2) S28-1 direct-only admission voted change-roles never inserts absent members
       expected: fromList ["admin-key-1"]
        but got: fromList ["absent-witness-9","admin-key-1"]

  To rerun use: --match "/S28-1 direct-only admission/voted change-roles never inserts absent members/" --seed 1168442273

Randomized with seed 1168442273

Finished in 21.9702 seconds
131 examples, 2 failures
LEG-PASS: 5-M7: test RED quoting direct-only witness
restored byte-exact: lib/KelGroups/Fold.hs (M7)
LEG-PASS: 5-reverted: tracked tree clean after mutants
LEG-PASS: 5: all seven kills quote their witnesses; tree restored hash-verified
===== LEG 6: full just ci (ACTUAL CI: nix develop .#ci --quiet -c just ci) =====
fourmolu -i lib/**/*.hs test/*.hs app/*.hs
Loaded config from: /code/kelgroups-issue-28/fourmolu.yaml
cabal-fmt -i kelgroups.cabal
hlint lib/
No hints
cabal build all -O0
Build profile: -w ghc-9.8.4 -O0
In order, the following will be built (use -v for more details):
 - kelgroups-0.1.0.0 (lib) (file lib/KelGroups/Fold.hs changed)
 - kelgroups-0.1.0.0 (exe:kelgroups-server) (configuration changed)
Preprocessing library for kelgroups-0.1.0.0...
Building library for kelgroups-0.1.0.0...
[ 8 of 11] Compiling KelGroups.Fold   ( lib/KelGroups/Fold.hs, dist-newstyle/build/x86_64-linux/ghc-9.8.4/kelgroups-0.1.0.0/noopt/build/KelGroups/Fold.o, dist-newstyle/build/x86_64-linux/ghc-9.8.4/kelgroups-0.1.0.0/noopt/build/KelGroups/Fold.dyn_o ) [Source file changed]
Configuring executable 'kelgroups-server' for kelgroups-0.1.0.0...
Preprocessing executable 'kelgroups-server' for kelgroups-0.1.0.0...
Building executable 'kelgroups-server' for kelgroups-0.1.0.0...
[2 of 2] Linking dist-newstyle/build/x86_64-linux/ghc-9.8.4/kelgroups-0.1.0.0/x/kelgroups-server/noopt/build/kelgroups-server/kelgroups-server [Library changed]
cabal test all -O0 --test-show-details=direct
Build profile: -w ghc-9.8.4 -O0
In order, the following will be built (use -v for more details):
 - kelgroups-0.1.0.0 (test:invariants) (file /code/kelgroups-issue-28/dist-newstyle/build/x86_64-linux/ghc-9.8.4/kelgroups-0.1.0.0/noopt/cache/build changed)
 - keri-hs-0.1.0.0 (test:unit-tests) (first run)
Preprocessing test suite 'unit-tests' for keri-hs-0.1.0.0...
Building test suite 'unit-tests' for keri-hs-0.1.0.0...
Preprocessing test suite 'invariants' for kelgroups-0.1.0.0...
Building test suite 'invariants' for kelgroups-0.1.0.0...
[17 of 17] Linking dist-newstyle/build/x86_64-linux/ghc-9.8.4/kelgroups-0.1.0.0/t/invariants/noopt/build/invariants/invariants [Library changed]
Running 1 test suites...
Test suite unit-tests: RUNNING...

Keri.Cesr
  CESR roundtrip
    roundtrips arbitrary 32-byte Ed25519 keys [✔]
      +++ OK, passed 100 tests.
    roundtrips arbitrary 32-byte digests [✔]
      +++ OK, passed 100 tests.
    roundtrips arbitrary 64-byte signatures [✔]
      +++ OK, passed 100 tests.
  mkPrimitive
    rejects wrong size [✔]
    accepts correct size [✔]
Keri.Cesr.Decode
  decode
    roundtrips Ed25519PubKey [✔]
    roundtrips Ed25519Sig [✔]
    roundtrips Blake2bDigest [✔]
    decodes keripy test vector [✔]
    rejects too-short input [✔]
    rejects unknown codes [✔]
  cesr-test-vectors
    decodes code D [✔]
    decodes code F [✔]
    decodes code 0B [✔]
Keri.Cesr.DerivationCode
  codeText
    Ed25519PubKey is D [✔]
    Blake2bDigest is F [✔]
    Ed25519Sig is 0B [✔]
  rawSize
    Ed25519PubKey is 32 bytes [✔]
    Blake2bDigest is 32 bytes [✔]
    Ed25519Sig is 64 bytes [✔]
  codeLength
    Ed25519PubKey is 1 char [✔]
    Blake2bDigest is 1 char [✔]
    Ed25519Sig is 2 chars [✔]
  totalLength
    Ed25519PubKey is 44 chars [✔]
    Blake2bDigest is 44 chars [✔]
    Ed25519Sig is 88 chars [✔]
  identifyCode
    identifies D as Ed25519PubKey [✔]
    identifies F as Blake2bDigest [✔]
    identifies 0B as Ed25519Sig [✔]
    rejects unknown codes [✔]
Keri.Cesr.Encode
  encode
    encodes a 32-byte key to 44 chars [✔]
    starts with code prefix D [✔]
    encodes a 64-byte sig to 88 chars [✔]
    starts with code prefix 0B [✔]
    encodes a digest with code F [✔]
    matches keripy test vector for Ed25519 [✔]
  cesr-test-vectors
    code D (Ed25519 transferable) [✔]
    code F (Blake2b-256 digest) [✔]
    code 0B (Ed25519 signature) [✔]
Keri.Crypto.Blake3
  hash
    produces 32 bytes [✔]
    is deterministic [✔]
    differs for different inputs [✔]
    hash size is 32 [✔]
Keri.Crypto.Digest
  saidPlaceholder
    is 44 characters [✔]
    is all # characters [✔]
  computeSaid
    returns 44-char CESR text [✔]
    starts with F (digest code) [✔]
    is deterministic [✔]
    differs for different inputs [✔]
Keri.Crypto.Ed25519
  generateKeyPair
    generates a key pair [✔]
    generates distinct key pairs [✔]
  sign and verify
    verifies a valid signature [✔]
    rejects wrong message [✔]
    rejects wrong key [✔]
  publicKeyFromBytes
    roundtrips [✔]
    rejects wrong size [✔]
Keri.Event.Inception
  mkInception
    creates an inception event [✔]
    sets prefix equal to digest [✔]
    sets sequence number to 0 [✔]
    SAID is not placeholder [✔]
    SAID starts with F (digest code) [✔]
    version has correct size [✔]
Keri.Event.Interaction
  mkInteraction
    creates an interaction event [✔]
    preserves prefix [✔]
    SAID starts with F [✔]
Keri.Event.Rotation
  mkRotation
    creates a rotation event [✔]
    preserves prefix [✔]
    SAID differs from prefix [✔]
    SAID starts with F [✔]
Keri.Event.Serialize
  serializeEvent
    produces valid JSON for inception [✔]
    has deterministic field order [✔]
    serializes interaction [✔]
    serializes receipt [✔]
Keri.Kel
  append
    appends inception to empty KEL [✔]
    rejects non-inception as first event [✔]
  replay
    replays single inception [✔]
    replays inception + interaction [✔]
    rejects empty KEL [✔]
Keri.KeyState
  initialState
    sets prefix from inception [✔]
    sets sequence number to 0 [✔]
  applyEvent
    rejects inception on existing state [✔]
    applies rotation with valid pre-rotation [✔]
    rejects wrong sequence number [✔]
    rejects wrong prefix [✔]
    receipt does not change state [✔]
    rotation with empty pre-rotation [✔]
  verifySignatures
    threshold zero is always met [✔]
Keri.KeyState.PreRotation
  commitKey
    produces a digest commitment [✔]
    is deterministic [✔]
  verifyCommitment
    verifies matching key and commitment [✔]
    rejects wrong key [✔]

Finished in 0.0405 seconds
91 examples, 0 failures
Test suite unit-tests: PASS
Test suite logged to:
/code/kelgroups-issue-28/dist-newstyle/build/x86_64-linux/ghc-9.8.4/keri-hs-0.1.0.0/t/unit-tests/noopt/test/keri-hs-0.1.0.0-unit-tests.log
1 of 1 test suites (1 of 1 test cases) passed.
Running 1 test suites...
Test suite invariants: RUNNING...

Invariant 1: bootstrap ↔ zero admins
  bootstrap mode implies zero admins [✔]
    +++ OK, passed 100 tests.
  normal mode implies positive admins [✔]
    +++ OK, passed 100 tests.
Invariant 2: empty state
  empty state is in bootstrap mode [✔]
Invariant 3: majority properties
  majority of 0 admins is 0 [✔]
  majority of 1 admin is 1 [✔]
  majority of 2 admins is 1 [✔]
  majority of 3 admins is 2 [✔]
  majority n ≤ n [✔]
    +++ OK, passed 100 tests.
  majority of positive admin count is positive [✔]
    +++ OK, passed 100 tests.
Invariant 4: remove all → bootstrap
  removing all members triggers bootstrap [✔]
Invariant 5: admin member → normal
  state with at least one admin is in normal mode [✔]
    +++ OK, passed 100 tests.
Tier 1: enact_introduce_admin_exits_bootstrap
  introducing admin makes adminCount > 0 [✔]
    +++ OK, passed 100 tests.
Tier 1: enact_introduce_admin_count
  introducing admin increases adminCount by 1 [✔]
    +++ OK, passed 100 tests.
Tier 1: enact_introduce_nonadmin_count
  introducing non-admin preserves adminCount [✔]
    +++ OK, passed 100 tests.
Tier 1: enact_preserves_pendingProposals
  enact only touches members [✔]
    +++ OK, passed 100 tests.
Tier 1: foldGroup_nil
  folding empty list yields emptyState [✔]
Tier 2: bootstrap_proposal_immediately_enacted
  bootstrap proposal has no pending after apply [✔]
    +++ OK, passed 100 tests.
Tier 2: single_admin_proposal_enacted
  single admin proposal is enacted immediately [✔]
    +++ OK, passed 100 tests.
Tier 3: enact_remove_preserves_normal
  adminCount >= 2 and remove keeps adminCount >= 1 [✔]
    +++ OK, passed 100 tests.
App/base separation
  app event preserves members [✔]
    +++ OK, passed 100 tests.
  app event preserves pendingProposals [✔]
    +++ OK, passed 100 tests.
Approve identity
  approve nonexistent is identity [✔]
    +++ OK, passed 100 tests.
Enact member count effects
  changeRoles preserves member count [✔]
    +++ OK, passed 100 tests.
  introduce increases member count [✔]
    +++ OK, passed 100 tests.
Bootstrap validation
  bootstrap accepts admin intro [✔]
    +++ OK, passed 100 tests.
  bootstrap rejects non-admin intro [✔]
    +++ OK, passed 100 tests.
  bootstrap rejects remove [✔]
    +++ OK, passed 100 tests.
  bootstrap rejects changeRoles [✔]
    +++ OK, passed 100 tests.
Normal mode: auth
  non-member proposal rejected [✔]
    +++ OK, passed 100 tests.
  non-admin proposal rejected [✔]
    +++ OK, passed 100 tests.
  non-member app event rejected [✔]
    +++ OK, passed 100 tests.
  member app event accepted [✔]
    +++ OK, passed 100 tests.
Normal mode: proposal constraints
  introduce existing rejected [✔]
    +++ OK, passed 100 tests.
  remove nonmember rejected [✔]
    +++ OK, passed 100 tests.
  valid admin proposal accepted [✔]
    +++ OK, passed 100 tests.
Normal mode: approval constraints
  approve missing rejected [✔]
    +++ OK, passed 100 tests.
  double approve rejected [✔]
    +++ OK, passed 100 tests.
  valid approval accepted [✔]
    +++ OK, passed 100 tests.
KelGroups.Jwk
  RFC 8037 appendix vectors
    imports the A.1 Ed25519 private key [✔]
    reproduces the A.4 signature [✔]
  round trip
    preserves generated key pairs [✔]
      +++ OK, passed 100 tests.
    signatures verify across export/import [✔]
      +++ OK, passed 100 tests.
  JSON shape
    emits exactly kty/crv/x/d [✔]
    never shows key material via Show [✔]
  malformed input rejection
    rejects wrong kty [✔]
    rejects unsupported curve [✔]
    rejects bad base64url characters [✔]
    rejects padded base64url [✔]
    rejects truncated d [✔]
    rejects short x [✔]
    rejects empty members [✔]
    rejects non-canonical padding bits [✔]
    rejects mismatched public/private key [✔]
  store integration
    imports into a fresh store and reloads [✔]
    refuses to replace an existing identity [✔]
KelGroups.Store (SQLite)
  empty KEL
    opening empty DB gives emptyState [✔]
  roundtrip
    signers match after append+read [✔]
      +++ OK, passed 100 tests.
  fold consistency
    incremental TVar matches reopened replay [✔]
      +++ OK, passed 100 tests.
  readEventsFrom
    returns tail from index N [✔]
    returns empty for index beyond length [✔]
  kelLength
    length matches number of appends + 1 [✔]
      +++ OK, passed 100 tests.
Store-through invariants (Lean mirrors)
  bootstrap_iff_zero_admins [✔]
    +++ OK, passed 100 tests.
  normal_iff_positive_admins [✔]
    +++ OK, passed 100 tests.
  empty_is_bootstrap [✔]
  majority_le [✔]
    +++ OK, passed 100 tests.
  majority_pos [✔]
    +++ OK, passed 100 tests.
  admin_member_means_normal [✔]
    +++ OK, passed 100 tests.
  enact_introduce_admin_exits_bootstrap [✔]
    +++ OK, passed 100 tests.
  enact_introduce_admin_count [✔]
    +++ OK, passed 100 tests.
  enact_introduce_nonadmin_count [✔]
    +++ OK, passed 100 tests.
  enact_preserves_pendingProposals [✔]
    +++ OK, passed 100 tests.
  enact_remove_preserves_normal [✔]
    +++ OK, passed 100 tests.
  bootstrap_proposal_immediately_enacted [✔]
    +++ OK, passed 100 tests.
  single_admin_proposal_enacted [✔]
    +++ OK, passed 100 tests.
KelGroups.Server (HTTP)
  GET /condition
    empty KEL: non-member gets 403 [✔]
    empty KEL: missing key gets 401 [✔]
  POST /events
    bootstrap with correct passphrase succeeds [✔]
    wrong passphrase returns 401 [✔]
    missing passphrase in bootstrap returns 401 [✔]
  GET /events
    after submit returns event [✔]
    non-member gets 403 [✔]
  POST + GET roundtrip
    submitted event matches retrieved [✔]
  GET /condition reflects changes
    after bootstrap, mode is normal [✔]
  validation errors
    invalid event in normal mode returns 422 [✔]
  unknown route
    returns 404 [✔]
  GET /info
    returns public admin emails [✔]
  SSE /stream
    receives notification after POST [✔]
E2E scenarios
  Group bootstrap and single-admin lifecycle
    bootstrap → add member → verify state [✔]
  Multi-admin approval flow
    3 admins, proposal requires 2 approvals [✔]
    duplicate approval is rejected [✔]
  Member removal
thread blocked indefinitely in an STM transaction
    admin removes a member via proposal [✔]
    removing last admin returns to bootstrap [✔]
  Role changes
    promote member to admin [✔]
    demote admin to regular member [✔]
  KEL replay via GET /events
    reads back all events in order [✔]
  Authorization edge cases
    non-member cannot propose [✔]
    non-admin member cannot propose [✔]
    bootstrap rejects missing passphrase [✔]
    duplicate member introduction is rejected [✔]
  Re-bootstrap after total admin removal
    new admin can bootstrap after wipe [✔]
  SSE receives all events in sequence
    2 POSTs yield 2 SSE notifications [✔]
Multi-client scenarios
  Two clients: admin bootstraps, outsider joins
    Bob sees empty group, Alice bootstraps, Bob joins [✔]
  Three clients: multi-admin majority approval
    3 admins require 2 approvals for Dave [✔]
  Three clients: full lifecycle
    introduce, remove, wipe, re-bootstrap [✔]
S28-1 distinct types + signer + GroupView
  member add authorizes through the sole view [✔]
  nonmember app refused before any fold [✔]
  nonadmin reset never advances the counter [✔]
    +++ OK, passed 100 tests.
S28-1 rejecting step before append
  accepted events persist with readable rows [✔]
  two appends conserve state, rows, length and replay [✔]
  domain-invalid add never appends a byte [✔]
  nonmember append persists nothing byte-identical [✔]
S28-1 atomic hook
  succeeding hook commits with admitted evidence [✔]
  hook refusal rejects the whole transition [✔]
  failing hook restores prestate plus prelog [✔]
S28-1 direct-only admission
  direct admit by admin inserts the member [✔]
  reserved key refused apart from members [✔]
  voted mutations never insert members [✔]
    +++ OK, passed 100 tests.
  voted change-roles never inserts absent members [✔]
  voted change-roles keeps present member keys [✔]
  voted remove never inserts absent members [✔]
  nonempty pendingBase roundtrips through JSON [✔]
  old rows decode with empty pendingBase [✔]
  malformed pendingBase fails decode [✔]
S28-1 validate/fold agreement
thread bloc  prefix folds match steps over mixed traces [✔]
    +++ OK, passed 100 tests.
ked indefinitely in an STM transaction
  founding folds match steps over mixed traces [✔]
    +++ OK, passed 100 tests.
  accepted traces apply cleanly end to end [✔]
S28-1 no client-decided authority
  verdicts flow only through the boundary [✔]
  replayed log reproduces live state exactly [✔]
  unknown approval refused over pendingBase [✔]
  voted validation covers both arms exactly [✔]
  pending entries survive close and reopen [✔]

Finished in 22.0279 seconds
131 examples, 0 failures
Test suite invariants: PASS
Test suite logged to:
/code/kelgroups-issue-28/./dist-newstyle/build/x86_64-linux/ghc-9.8.4/kelgroups-0.1.0.0/t/invariants/noopt/test/kelgroups-0.1.0.0-invariants.log
1 of 1 test suites (1 of 1 test cases) passed.
cd lean && lake build
Build completed successfully (17 jobs).
cd client && npm install && spago build

up to date, audited 3 packages in 502ms

found 0 vulnerabilities
(node:2631365) ExperimentalWarning: SQLite is an experimental feature and might change at any time
(Use `node --trace-warnings ...` to show where the warning was created)
Reading Spago workspace configuration...

✓ Selecting 2 packages to build:
    kelgroups-client
    kelgroups-trivial

Downloading dependencies...
Building...
           Src   Lib   All
Warnings     0     0     0
Errors       0     0     0

✓ Build succeeded.

cd client && spago test -p kelgroups-client
(node:2631719) ExperimentalWarning: SQLite is an experimental feature and might change at any time
(Use `node --trace-warnings ...` to show where the warning was created)
Reading Spago workspace configuration...

✓ Selecting package to build: kelgroups-client

Downloading dependencies...
Building...
           Src   Lib   All
Warnings     0     0     0
Errors       0     0     0

✓ Build succeeded.

Running tests for package: kelgroups-client
=== Static Invariants ===
  S1: bootstrap iff zero admins
100/100 test(s) passed.
  S2: empty state is bootstrap
100/100 test(s) passed.
  S3: majority(0) = 0
100/100 test(s) passed.
  S4: majority(1) = 1
100/100 test(s) passed.
  S5: majority(n) <= n
100/100 test(s) passed.
  S6: majority(n) > 0 when n > 0
100/100 test(s) passed.
  S7: admin member implies member
100/100 test(s) passed.
  B1: zero admins means bootstrap
100/100 test(s) passed.

=== Transition Invariants ===
  T1: enact introduce admin exits bootstrap
100/100 test(s) passed.
  T2: enact introduce admin increments count
100/100 test(s) passed.
  T3: enact introduce non-admin preserves count
100/100 test(s) passed.
  T4: enact preserves pendingProposals
100/100 test(s) passed.
  T5: foldGroup [] = emptyState
100/100 test(s) passed.
  T6: bootstrap proposal immediately enacted
100/100 test(s) passed.
  T7: single admin proposal enacted immediately
100/100 test(s) passed.
  T8: remove with >=2 admins keeps >=1
100/100 test(s) passed.
  B2: proposal in bootstrap auto-enacted
100/100 test(s) passed.
  B3: single admin proposal auto-enacted
100/100 test(s) passed.
  B4: bootstrap intro creates admin member
100/100 test(s) passed.

=== Fold Invariants ===
  F1: app event preserves members
100/100 test(s) passed.
  F2: app event preserves pendingProposals
100/100 test(s) passed.
  F3: approve nonexistent is identity
100/100 test(s) passed.
  F4: changeRoles preserves member count
100/100 test(s) passed.
  F5: introduce increases member count
100/100 test(s) passed.

=== JWK Key Export/Import ===
  J1: RFC 8037 A.1 key imports with A.1 members
  J2: RFC 8037 A.4 signature reproduces
  J3: export then import preserves the pair
100/100 test(s) passed.
  J4: JSON round trip preserves the members
100/100 test(s) passed.
  J5: rejects wrong kty
  J6: rejects unsupported curve
  J7: rejects bad base64url characters
  J8: rejects padded base64url
  J9: rejects truncated d
  J10: rejects short x
  J11: rejects empty members
  J12: rejects non-canonical padding bits
  J13: rejects mismatched public/private key

=== All properties passed ===

✓ Test succeeded for package "kelgroups-client".

ci exit=0 sha256=6cb1c4aaffcd649e0ce5380a58c474da9adc25630a1c26d80e30b1c6b5abfd15
100/100 test(s) passed.
  J5: rejects wrong kty
  J6: rejects unsupported curve
  J7: rejects bad base64url characters
  J8: rejects padded base64url
  J9: rejects truncated d
  J10: rejects short x
  J11: rejects empty members
  J12: rejects non-canonical padding bits
  J13: rejects mismatched public/private key

=== All properties passed ===

✓ Test succeeded for package "kelgroups-client".

LEG-PASS: 6: just ci exit 0
===== LEG 7: Trivial degenerate presence (not counted) =====
LEG-PASS: 7a: Trivial exports present
LEG-PASS: 7b: Trivial.hs contains no S28-1 (not counted)
===== LEG 1: tracked hygiene (after) =====
LEG-PASS: 1-after: no tracked drift
evidence: /tmp/reactivegas/ms2/e-kelgroups-substrate/t28-app-api/handoffs/evidence/20260905T231211Z-3af3d06-*.log (full log: /tmp/reactivegas/ms2/e-kelgroups-substrate/t28-app-api/handoffs/evidence/20260905T231211Z-3af3d06-gate-full.log)
===== GATE G28-1 v9 (S28R1-plan) COMPLETE: OVERALL_FAIL=0 =====
